images,image_urls,title
"[{'url': 'https://media1.popsugar-assets.com/files/thumbor/35m8Ix8rh9GGJY5Vj_6suujQzG0/fit-in/1024x1024/filters:format_auto-!!-:strip_icc-!!-/2015/05/07/884/n/1922398/638062e68eb16730_14g.jpg', 'path': 'full/091cd68122d3b6d578d940c018e8342d08f9e53f.jpg', 'checksum': '4e58cc63996385db8e4a1ea8a1e474df'}]",https://media1.popsugar-assets.com/files/thumbor/35m8Ix8rh9GGJY5Vj_6suujQzG0/fit-in/1024x1024/filters:format_auto-!!-:strip_icc-!!-/2015/05/07/884/n/1922398/638062e68eb16730_14g.jpg,28 Celebrity Moms Who Are Nearly Identical to Their Kids
"[{'url': 'https://media1.popsugar-assets.com/files/thumbor/1ixXtdVJF_W6S1nXD4zX6_YLBMc/fit-in/1024x1024/filters:format_auto-!!-:strip_icc-!!-/2018/06/04/770/n/1922398/e7414b8dc3fb72fd_GettyImages-966495584_master.jpg', 'path': 'full/563951958ceae89da973a989601abf0d5813f368.jpg', 'checksum': '625624395e3e5e102dfd303c18bee4ef'}]",https://media1.popsugar-assets.com/files/thumbor/1ixXtdVJF_W6S1nXD4zX6_YLBMc/fit-in/1024x1024/filters:format_auto-!!-:strip_icc-!!-/2018/06/04/770/n/1922398/e7414b8dc3fb72fd_GettyImages-966495584_master.jpg,Jennifer Garner and Ben Affleck Get Shady While Watching Their Kids Play at the Park
"[{'url': 'https://media1.popsugar-assets.com/files/thumbor/HCzXBBTA8CNUzFANj1W9DjbiX4w/fit-in/1024x1024/filters:format_auto-!!-:strip_icc-!!-/2018/06/04/770/n/1922398/67b661a470fc15e8_GettyImages-966464524_master.jpg', 'path': 'full/92822de7cfa62e6ecfe3c373796bafb44d039f23.jpg', 'checksum': '3e42b35c3e32c7e0fd5d82c58ab28f0c'}]",https://media1.popsugar-assets.com/files/thumbor/HCzXBBTA8CNUzFANj1W9DjbiX4w/fit-in/1024x1024/filters:format_auto-!!-:strip_icc-!!-/2018/06/04/770/n/1922398/67b661a470fc15e8_GettyImages-966464524_master.jpg,Jennifer Garner and Ben Affleck Get Shady While Watching Their Kids Play at the Park
"[{'url': 'https://media1.popsugar-assets.com/files/thumbor/cdCxHHqNxzXwgyCoF7MMCjj8cGI/fit-in/1024x1024/filters:format_auto-!!-:strip_icc-!!-/2018/06/04/770/n/1922398/95ba9d97f2925bf0_GettyImages-966495598_master.jpg', 'path': 'full/d25e7142a5cb3d8d0cfc9d6f2646b1a8766072e4.jpg', 'checksum': 'a9e907f964653bc05efee14716d68e88'}]",https://media1.popsugar-assets.com/files/thumbor/cdCxHHqNxzXwgyCoF7MMCjj8cGI/fit-in/1024x1024/filters:format_auto-!!-:strip_icc-!!-/2018/06/04/770/n/1922398/95ba9d97f2925bf0_GettyImages-966495598_master.jpg,Jennifer Garner and Ben Affleck Get Shady While Watching Their Kids Play at the Park
"[{'url': 'https://media1.popsugar-assets.com/files/thumbor/XIjSY8NhWKbNV5bgXjBTuovf-2o/fit-in/1024x1024/filters:format_auto-!!-:strip_icc-!!-/2018/05/02/958/n/1922398/8e4a9033afe74a6f_GettyImages-74096518.jpg', 'path': 'full/c300afcbf148e59ba7d51cd6a8e235ca0a27b79e.jpg', 'checksum': 'f528a87d0756b171a46a048a6b3d2e12'}]",https://media1.popsugar-assets.com/files/thumbor/XIjSY8NhWKbNV5bgXjBTuovf-2o/fit-in/1024x1024/filters:format_auto-!!-:strip_icc-!!-/2018/05/02/958/n/1922398/8e4a9033afe74a6f_GettyImages-74096518.jpg,"Yep, the Met Gala Looked a Little Different in the 2000s"
"[{'url': 'https://media1.popsugar-assets.com/files/thumbor/bzklXAhBVMEllbfcantPBIiOadg/fit-in/1024x1024/filters:format_auto-!!-:strip_icc-!!-/2018/06/04/770/n/1922398/cc607e1f018bb861_GettyImages-966495604_master.jpg', 'path': 'full/91c26898aa56f0414ed877cbd815b54fa7eed814.jpg', 'checksum': '3fd2fce3287099a7367f00d25997b632'}]",https://media1.popsugar-assets.com/files/thumbor/bzklXAhBVMEllbfcantPBIiOadg/fit-in/1024x1024/filters:format_auto-!!-:strip_icc-!!-/2018/06/04/770/n/1922398/cc607e1f018bb861_GettyImages-966495604_master.jpg,Jennifer Garner and Ben Affleck Get Shady While Watching Their Kids Play at the Park
"[{'url': 'https://media1.popsugar-assets.com/files/thumbor/hlDIm6iWvcLKH4Y3nOLrVqRS6iU/fit-in/1024x1024/filters:format_auto-!!-:strip_icc-!!-/2018/06/04/770/n/1922398/cb41304affc96724_GettyImages-966464510_master.jpg', 'path': 'full/4910d08b709bdc9e20580726e9601246f9f50a12.jpg', 'checksum': '6cb5de3b5ba9c8f026ce811a841424a5'}]",https://media1.popsugar-assets.com/files/thumbor/hlDIm6iWvcLKH4Y3nOLrVqRS6iU/fit-in/1024x1024/filters:format_auto-!!-:strip_icc-!!-/2018/06/04/770/n/1922398/cb41304affc96724_GettyImages-966464510_master.jpg,Jennifer Garner and Ben Affleck Get Shady While Watching Their Kids Play at the Park
"[{'url': 'https://media1.popsugar-assets.com/files/thumbor/SeZ4clK8QPxC6p6kvgzW24Zgq60/fit-in/1024x1024/filters:format_auto-!!-:strip_icc-!!-/2018/06/04/770/n/1922398/7cf3321d703c2bf5_GettyImages-966464530_master.jpg', 'path': 'full/80d527482d57f28623c3a502740f2443e28cb9d0.jpg', 'checksum': 'd0e70bd8f125ac666d93193b4f099c07'}]",https://media1.popsugar-assets.com/files/thumbor/SeZ4clK8QPxC6p6kvgzW24Zgq60/fit-in/1024x1024/filters:format_auto-!!-:strip_icc-!!-/2018/06/04/770/n/1922398/7cf3321d703c2bf5_GettyImages-966464530_master.jpg,Jennifer Garner and Ben Affleck Get Shady While Watching Their Kids Play at the Park
"[{'url': 'https://media1.popsugar-assets.com/files/thumbor/_Rlbfq-q-DCqNbBchcwTBdO097I/fit-in/1024x1024/filters:format_auto-!!-:strip_icc-!!-/2018/04/25/785/n/1922398/5b1a961f272abaac_GettyImages-950935172.jpg', 'path': 'full/58d185e990bbb2350c9f2a587bbd99753d39c902.jpg', 'checksum': 'cd534c87ca24bd43341715697c25f4a8'}]",https://media1.popsugar-assets.com/files/thumbor/_Rlbfq-q-DCqNbBchcwTBdO097I/fit-in/1024x1024/filters:format_auto-!!-:strip_icc-!!-/2018/04/25/785/n/1922398/5b1a961f272abaac_GettyImages-950935172.jpg,"On a Scale From 1-10, Jennifer Garner's Hotness Factor Is Officially Off the Charts"
"[{'url': 'https://media1.popsugar-assets.com/files/thumbor/8BSK9v73YiRRjbQFNeyA9M7gFjM/fit-in/1024x1024/filters:format_auto-!!-:strip_icc-!!-/2018/04/25/785/n/1922398/82464561a66a7bc9_GettyImages-950934850.jpg', 'path': 'full/8a4984492b833d654c701c30e18519305d58e50f.jpg', 'checksum': 'a8c3e057f2396fc14712839e422156d1'}]",https://media1.popsugar-assets.com/files/thumbor/8BSK9v73YiRRjbQFNeyA9M7gFjM/fit-in/1024x1024/filters:format_auto-!!-:strip_icc-!!-/2018/04/25/785/n/1922398/82464561a66a7bc9_GettyImages-950934850.jpg,"On a Scale From 1-10, Jennifer Garner's Hotness Factor Is Officially Off the Charts"
"[{'url': 'https://media1.popsugar-assets.com/files/thumbor/IvYAD--NOi33ULRhAaNNsbifnzY/fit-in/1024x1024/filters:format_auto-!!-:strip_icc-!!-/2018/04/25/785/n/1922398/1618bb0c2741acef_GettyImages-951020432.jpg', 'path': 'full/eef938068d98818bb91999e88686db446178b8ec.jpg', 'checksum': '72241d7a3eab9724197989f1a5d41673'}]",https://media1.popsugar-assets.com/files/thumbor/IvYAD--NOi33ULRhAaNNsbifnzY/fit-in/1024x1024/filters:format_auto-!!-:strip_icc-!!-/2018/04/25/785/n/1922398/1618bb0c2741acef_GettyImages-951020432.jpg,"On a Scale From 1-10, Jennifer Garner's Hotness Factor Is Officially Off the Charts"
"[{'url': 'https://media1.popsugar-assets.com/files/thumbor/1hd4ufuGvt0usiTrzsl6Opfd-sE/fit-in/1024x1024/filters:format_auto-!!-:strip_icc-!!-/2018/04/25/785/n/1922398/23655fdb819fd011_GettyImages-951031440.jpg', 'path': 'full/52a4e6943a0770e9ce1a72dc7493883a35d9cdae.jpg', 'checksum': '829b2151a87f544faeca7e34e9227cf7'}]",https://media1.popsugar-assets.com/files/thumbor/1hd4ufuGvt0usiTrzsl6Opfd-sE/fit-in/1024x1024/filters:format_auto-!!-:strip_icc-!!-/2018/04/25/785/n/1922398/23655fdb819fd011_GettyImages-951031440.jpg,"On a Scale From 1-10, Jennifer Garner's Hotness Factor Is Officially Off the Charts"
"[{'url': 'https://media1.popsugar-assets.com/files/thumbor/hKKWyHfsbpofYIIKV2zCCRnqZhc/fit-in/1024x1024/filters:format_auto-!!-:strip_icc-!!-/2018/04/25/785/n/1922398/2c50bb68e446216f_GettyImages-951031356.jpg', 'path': 'full/00ec134261e35cb90da7157ac57a3451d351d863.jpg', 'checksum': '506b607395ae6adbc3687708fe33c097'}]",https://media1.popsugar-assets.com/files/thumbor/hKKWyHfsbpofYIIKV2zCCRnqZhc/fit-in/1024x1024/filters:format_auto-!!-:strip_icc-!!-/2018/04/25/785/n/1922398/2c50bb68e446216f_GettyImages-951031356.jpg,"On a Scale From 1-10, Jennifer Garner's Hotness Factor Is Officially Off the Charts"
"[{'url': 'https://media1.popsugar-assets.com/files/thumbor/oe_N-OquJ6rnOUz40XwMIo5lb0Y/fit-in/1024x1024/filters:format_auto-!!-:strip_icc-!!-/2018/04/25/785/n/1922398/dfaad7490a1acfd4_GettyImages-951031364.jpg', 'path': 'full/33dc028a5a1e77c928bc7a59ea80844be1def5a5.jpg', 'checksum': '53402816bfc8ef460e95b595f7e1f90f'}]",https://media1.popsugar-assets.com/files/thumbor/oe_N-OquJ6rnOUz40XwMIo5lb0Y/fit-in/1024x1024/filters:format_auto-!!-:strip_icc-!!-/2018/04/25/785/n/1922398/dfaad7490a1acfd4_GettyImages-951031364.jpg,"On a Scale From 1-10, Jennifer Garner's Hotness Factor Is Officially Off the Charts"
"[{'url': 'https://media1.popsugar-assets.com/files/thumbor/3d4ivyJ0xHG3kpJD6f60G1hcUUQ/fit-in/1024x1024/filters:format_auto-!!-:strip_icc-!!-/2018/04/25/785/n/1922398/1f2051609a703436_GettyImages-951031342.jpg', 'path': 'full/89f809983f68ebbc68ec8a305dc97d7564e095cf.jpg', 'checksum': 'f7f9a912592eb25cb670c97c92a88290'}]",https://media1.popsugar-assets.com/files/thumbor/3d4ivyJ0xHG3kpJD6f60G1hcUUQ/fit-in/1024x1024/filters:format_auto-!!-:strip_icc-!!-/2018/04/25/785/n/1922398/1f2051609a703436_GettyImages-951031342.jpg,"On a Scale From 1-10, Jennifer Garner's Hotness Factor Is Officially Off the Charts"
"[{'url': 'https://media1.popsugar-assets.com/files/thumbor/GupRfuTzbqDtpKB4dz_3XPoGzPk/fit-in/1024x1024/filters:format_auto-!!-:strip_icc-!!-/2018/04/25/785/n/1922398/30a0fab5d3a82a0f_GettyImages-951031328.jpg', 'path': 'full/38851062d8ad6adacb5054e3c8d011e8d6428948.jpg', 'checksum': 'feb6aa24e625882efe7985fcaabb3cea'}]",https://media1.popsugar-assets.com/files/thumbor/GupRfuTzbqDtpKB4dz_3XPoGzPk/fit-in/1024x1024/filters:format_auto-!!-:strip_icc-!!-/2018/04/25/785/n/1922398/30a0fab5d3a82a0f_GettyImages-951031328.jpg,"On a Scale From 1-10, Jennifer Garner's Hotness Factor Is Officially Off the Charts"
"[{'url': 'https://media1.popsugar-assets.com/files/thumbor/I5ufliVMQKZcmNd1IOCCO40jsRg/fit-in/1024x1024/filters:format_auto-!!-:strip_icc-!!-/2018/04/25/785/n/1922398/8fdb2099d8d84432_GettyImages-950930656.jpg', 'path': 'full/5da64430b58ee6bafe561e30dd74c1f111c48a64.jpg', 'checksum': 'ee5e4c0bba37a6058abe363c6f539ca9'}]",https://media1.popsugar-assets.com/files/thumbor/I5ufliVMQKZcmNd1IOCCO40jsRg/fit-in/1024x1024/filters:format_auto-!!-:strip_icc-!!-/2018/04/25/785/n/1922398/8fdb2099d8d84432_GettyImages-950930656.jpg,"On a Scale From 1-10, Jennifer Garner's Hotness Factor Is Officially Off the Charts"
"[{'url': 'https://media1.popsugar-assets.com/files/thumbor/Jwn69KU-a2S9ijV_Orj05ETicSE/fit-in/1024x1024/filters:format_auto-!!-:strip_icc-!!-/2018/04/25/785/n/1922398/251875969d90b0fb_GettyImages-950934938.jpg', 'path': 'full/248793a6f3d9aef71c8c1f7cf984af1c70bdf1c7.jpg', 'checksum': '26efc17698f4dfa31d160ea3a77b7d8d'}]",https://media1.popsugar-assets.com/files/thumbor/Jwn69KU-a2S9ijV_Orj05ETicSE/fit-in/1024x1024/filters:format_auto-!!-:strip_icc-!!-/2018/04/25/785/n/1922398/251875969d90b0fb_GettyImages-950934938.jpg,"On a Scale From 1-10, Jennifer Garner's Hotness Factor Is Officially Off the Charts"
"[{'url': 'https://media1.popsugar-assets.com/files/thumbor/qinuO_QHgMek-T5FPgvSa974ao4/fit-in/1024x1024/filters:format_auto-!!-:strip_icc-!!-/2018/04/25/785/n/1922398/85b46eecd46bdcff_GettyImages-951020450.jpg', 'path': 'full/30c82bda6a2da2578305147f6b58e4c73c68e2b7.jpg', 'checksum': '1091bfd5a7580ddc1ff64a3212d6462d'}]",https://media1.popsugar-assets.com/files/thumbor/qinuO_QHgMek-T5FPgvSa974ao4/fit-in/1024x1024/filters:format_auto-!!-:strip_icc-!!-/2018/04/25/785/n/1922398/85b46eecd46bdcff_GettyImages-951020450.jpg,"On a Scale From 1-10, Jennifer Garner's Hotness Factor Is Officially Off the Charts"
"[{'url': 'https://media1.popsugar-assets.com/files/thumbor/5ENoWY8KZ1EwK_xdyrWOiK6rB18/fit-in/1024x1024/filters:format_auto-!!-:strip_icc-!!-/2018/04/13/727/n/1922398/02a3b17d4fa70cf0_GettyImages-945473316.jpg', 'path': 'full/6bec738d241dfaa8f7d4a578b6058799369ddd0e.jpg', 'checksum': '276b58be9e3501c33d49fa67516e3ae5'}]",https://media1.popsugar-assets.com/files/thumbor/5ENoWY8KZ1EwK_xdyrWOiK6rB18/fit-in/1024x1024/filters:format_auto-!!-:strip_icc-!!-/2018/04/13/727/n/1922398/02a3b17d4fa70cf0_GettyImages-945473316.jpg,"Jennifer Garner Just Wore the Heck Out of an LBD, and Now I'm a Little Short of Breath"
"[{'url': 'https://media1.popsugar-assets.com/files/thumbor/8MCtjXfUPY8lE_LbfTmLVpMYWQY/fit-in/1024x1024/filters:format_auto-!!-:strip_icc-!!-/2018/04/13/727/n/1922398/e4b1a76755af4dc5_GettyImages-945460152.jpg', 'path': 'full/3ea1058adfdcecd3efec4125af654c45b64ca1c8.jpg', 'checksum': 'b6c3aa9a76a78e650041dc197e911c1a'}]",https://media1.popsugar-assets.com/files/thumbor/8MCtjXfUPY8lE_LbfTmLVpMYWQY/fit-in/1024x1024/filters:format_auto-!!-:strip_icc-!!-/2018/04/13/727/n/1922398/e4b1a76755af4dc5_GettyImages-945460152.jpg,"Jennifer Garner Just Wore the Heck Out of an LBD, and Now I'm a Little Short of Breath"
"[{'url': 'https://media1.popsugar-assets.com/files/thumbor/TVgOWcRpx_ctuMTqdJkmCYyx1BM/fit-in/1024x1024/filters:format_auto-!!-:strip_icc-!!-/2018/04/13/727/n/1922398/d630503903434e93_GettyImages-945459310.jpg', 'path': 'full/30838bded424c04d58c233d2519ad236e648dd3e.jpg', 'checksum': 'a1e4f9cc720672650de96167cf4cd5ff'}]",https://media1.popsugar-assets.com/files/thumbor/TVgOWcRpx_ctuMTqdJkmCYyx1BM/fit-in/1024x1024/filters:format_auto-!!-:strip_icc-!!-/2018/04/13/727/n/1922398/d630503903434e93_GettyImages-945459310.jpg,"Jennifer Garner Just Wore the Heck Out of an LBD, and Now I'm a Little Short of Breath"
"[{'url': 'https://media1.popsugar-assets.com/files/thumbor/aL1Vkf7H-qo73LHYJVDKzpnijQw/fit-in/1024x1024/filters:format_auto-!!-:strip_icc-!!-/2018/04/13/727/n/1922398/55ba11909b49a298_GettyImages-945473270.jpg', 'path': 'full/f8602a08f132e552a92c217776d333deef08f099.jpg', 'checksum': 'b2ea9367c0919a35af7acefe316558de'}]",https://media1.popsugar-assets.com/files/thumbor/aL1Vkf7H-qo73LHYJVDKzpnijQw/fit-in/1024x1024/filters:format_auto-!!-:strip_icc-!!-/2018/04/13/727/n/1922398/55ba11909b49a298_GettyImages-945473270.jpg,"Jennifer Garner Just Wore the Heck Out of an LBD, and Now I'm a Little Short of Breath"
"[{'url': 'https://media1.popsugar-assets.com/files/thumbor/Bj5qkrza-xNZFi_CFU7iX9_6X6I/fit-in/1024x1024/filters:format_auto-!!-:strip_icc-!!-/2018/04/13/727/n/1922398/2f51aea4b63f8e27_GettyImages-945473302.jpg', 'path': 'full/862abe13d3c90fee10f6a8a97775a9cd44a31159.jpg', 'checksum': '9bee1fcca9fe6bdeb97532fe6772d916'}]",https://media1.popsugar-assets.com/files/thumbor/Bj5qkrza-xNZFi_CFU7iX9_6X6I/fit-in/1024x1024/filters:format_auto-!!-:strip_icc-!!-/2018/04/13/727/n/1922398/2f51aea4b63f8e27_GettyImages-945473302.jpg,"Jennifer Garner Just Wore the Heck Out of an LBD, and Now I'm a Little Short of Breath"
"[{'url': 'https://media1.popsugar-assets.com/files/thumbor/RiU2Ow8OzqZtzilLqim1j8pASo8/fit-in/1024x1024/filters:format_auto-!!-:strip_icc-!!-/2018/04/13/727/n/1922398/1c912b623b00309b_GettyImages-945454484.jpg', 'path': 'full/b251ff3f70b6ba6d91313dbddac9187c10a8fa9c.jpg', 'checksum': 'a625c44d23a415e084fb24e03da1665c'}]",https://media1.popsugar-assets.com/files/thumbor/RiU2Ow8OzqZtzilLqim1j8pASo8/fit-in/1024x1024/filters:format_auto-!!-:strip_icc-!!-/2018/04/13/727/n/1922398/1c912b623b00309b_GettyImages-945454484.jpg,"Jennifer Garner Just Wore the Heck Out of an LBD, and Now I'm a Little Short of Breath"
"[{'url': 'https://media1.popsugar-assets.com/files/thumbor/IHXKJ3VfOfNuinGivbpgKpvurOI/fit-in/1024x1024/filters:format_auto-!!-:strip_icc-!!-/2018/04/13/727/n/1922398/151aa577405c1fcf_GettyImages-945459308.jpg', 'path': 'full/be20f81651459083c02e286bc88d31243f1af461.jpg', 'checksum': 'e1051496203fa5c10eeaf47183eeae27'}]",https://media1.popsugar-assets.com/files/thumbor/IHXKJ3VfOfNuinGivbpgKpvurOI/fit-in/1024x1024/filters:format_auto-!!-:strip_icc-!!-/2018/04/13/727/n/1922398/151aa577405c1fcf_GettyImages-945459308.jpg,"Jennifer Garner Just Wore the Heck Out of an LBD, and Now I'm a Little Short of Breath"
"[{'url': 'https://media1.popsugar-assets.com/files/thumbor/FbKxsCkTpeSC_4O8_Mau-3gx-aU/fit-in/1024x1024/filters:format_auto-!!-:strip_icc-!!-/2018/04/13/727/n/1922398/d4968470ca036542_GettyImages-945454076.jpg', 'path': 'full/9808f5ff8ed4a35e514ed1d8d7d63c17835cd523.jpg', 'checksum': '900f47a1ebd2522a2d0e819eb54bf66c'}]",https://media1.popsugar-assets.com/files/thumbor/FbKxsCkTpeSC_4O8_Mau-3gx-aU/fit-in/1024x1024/filters:format_auto-!!-:strip_icc-!!-/2018/04/13/727/n/1922398/d4968470ca036542_GettyImages-945454076.jpg,"Jennifer Garner Just Wore the Heck Out of an LBD, and Now I'm a Little Short of Breath"
"[{'url': 'https://media1.popsugar-assets.com/files/thumbor/gmD6qTgQawR7o24AIhPjKIj-bFQ/fit-in/1024x1024/filters:format_auto-!!-:strip_icc-!!-/2018/04/13/727/n/1922398/6556029405c70d7c_GettyImages-945459290.jpg', 'path': 'full/7a4ef8f1c4bb075814c0c7ee395918187a348631.jpg', 'checksum': 'cfaf2b2a5bb641ad0af28bc3bab48c3e'}]",https://media1.popsugar-assets.com/files/thumbor/gmD6qTgQawR7o24AIhPjKIj-bFQ/fit-in/1024x1024/filters:format_auto-!!-:strip_icc-!!-/2018/04/13/727/n/1922398/6556029405c70d7c_GettyImages-945459290.jpg,"Jennifer Garner Just Wore the Heck Out of an LBD, and Now I'm a Little Short of Breath"
"[{'url': 'https://media1.popsugar-assets.com/files/thumbor/rSUnflBASuLPmi_u2f9Adh0ixC0/fit-in/1024x1024/filters:format_auto-!!-:strip_icc-!!-/2018/03/05/028/n/1922398/3070fc397f9674be_GettyImages-927315210.jpg', 'path': 'full/3852a3dbee8ee19a46421e78587c32b3e508c2e3.jpg', 'checksum': 'ab5a3d81a1e4139ecb71ff934075df8f'}]",https://media1.popsugar-assets.com/files/thumbor/rSUnflBASuLPmi_u2f9Adh0ixC0/fit-in/1024x1024/filters:format_auto-!!-:strip_icc-!!-/2018/03/05/028/n/1922398/3070fc397f9674be_GettyImages-927315210.jpg,Jennifer Garner Looking Like a Glowing Ball of Gorgeousness at the Oscars: A History
"[{'url': 'https://media1.popsugar-assets.com/files/thumbor/GiHpckf12V9GxDxLYN6eZj8_bLw/fit-in/1024x1024/filters:format_auto-!!-:strip_icc-!!-/2018/03/05/028/n/1922398/c52a2f1d9b749242_GettyImages-927331354.jpg', 'path': 'full/cd8720976d988f743e30b0a21413d2540c848904.jpg', 'checksum': '7b8aca0350683b44eb29553abdea2acb'}]",https://media1.popsugar-assets.com/files/thumbor/GiHpckf12V9GxDxLYN6eZj8_bLw/fit-in/1024x1024/filters:format_auto-!!-:strip_icc-!!-/2018/03/05/028/n/1922398/c52a2f1d9b749242_GettyImages-927331354.jpg,Jennifer Garner Looking Like a Glowing Ball of Gorgeousness at the Oscars: A History
"[{'url': 'https://media1.popsugar-assets.com/files/thumbor/iGq5RHr99uCsc-B7H_7AS3VWg0Y/fit-in/1024x1024/filters:format_auto-!!-:strip_icc-!!-/2018/03/05/028/n/1922398/7f2da9ec3a1200af_GettyImages-512917924.jpg', 'path': 'full/685907667c3fd9f46597242679aceb6e1f15645c.jpg', 'checksum': 'ca2b662e475f23fbe321e601a343694a'}]",https://media1.popsugar-assets.com/files/thumbor/iGq5RHr99uCsc-B7H_7AS3VWg0Y/fit-in/1024x1024/filters:format_auto-!!-:strip_icc-!!-/2018/03/05/028/n/1922398/7f2da9ec3a1200af_GettyImages-512917924.jpg,Jennifer Garner Looking Like a Glowing Ball of Gorgeousness at the Oscars: A History
"[{'url': 'https://media1.popsugar-assets.com/files/thumbor/kZsV4vW5cASnRda0QQuJX3R_wnE/fit-in/1024x1024/filters:format_auto-!!-:strip_icc-!!-/2018/03/05/028/n/1922398/1c0f89fbcd3b6469_GettyImages-927415900.jpg', 'path': 'full/051f9a159b46b1035398b8868b2d4ac92e836da4.jpg', 'checksum': 'baad4929ae81f5ff808ea1230c180019'}]",https://media1.popsugar-assets.com/files/thumbor/kZsV4vW5cASnRda0QQuJX3R_wnE/fit-in/1024x1024/filters:format_auto-!!-:strip_icc-!!-/2018/03/05/028/n/1922398/1c0f89fbcd3b6469_GettyImages-927415900.jpg,Jennifer Garner Looking Like a Glowing Ball of Gorgeousness at the Oscars: A History
"[{'url': 'https://media1.popsugar-assets.com/files/thumbor/xC7VDBiJjocaSKU5ec3ubYGVOMc/fit-in/1024x1024/filters:format_auto-!!-:strip_icc-!!-/2018/03/05/028/n/1922398/ab6479384c45ad5c_GettyImages-927415846.jpg', 'path': 'full/f940868cdadbbc62405e2277a24d2db325adc3a9.jpg', 'checksum': '17154ec88fa3902287fb54d7cc4f6741'}]",https://media1.popsugar-assets.com/files/thumbor/xC7VDBiJjocaSKU5ec3ubYGVOMc/fit-in/1024x1024/filters:format_auto-!!-:strip_icc-!!-/2018/03/05/028/n/1922398/ab6479384c45ad5c_GettyImages-927415846.jpg,Jennifer Garner Looking Like a Glowing Ball of Gorgeousness at the Oscars: A History
"[{'url': 'https://media1.popsugar-assets.com/files/thumbor/FLyu_hqwJQ4bVykOouznq9w1QA4/fit-in/1024x1024/filters:format_auto-!!-:strip_icc-!!-/2018/03/05/028/n/1922398/1e85bde90e7f9b1c_GettyImages-513000446.jpg', 'path': 'full/58fa25d7f817900de99ce3101ee4b3f02401fa1f.jpg', 'checksum': '81f4fc8372b8bc85502271c3ab94c260'}]",https://media1.popsugar-assets.com/files/thumbor/FLyu_hqwJQ4bVykOouznq9w1QA4/fit-in/1024x1024/filters:format_auto-!!-:strip_icc-!!-/2018/03/05/028/n/1922398/1e85bde90e7f9b1c_GettyImages-513000446.jpg,Jennifer Garner Looking Like a Glowing Ball of Gorgeousness at the Oscars: A History
"[{'url': 'https://media1.popsugar-assets.com/files/thumbor/51mDWXpKDInc9fDDXdcq3hDslu8/fit-in/1024x1024/filters:format_auto-!!-:strip_icc-!!-/2018/03/05/028/n/1922398/8afb745ce4eca00a_GettyImages-476297379.jpg', 'path': 'full/f8e479e7a4bc27d45f1838775b2a8636c339ee1c.jpg', 'checksum': '4d550e1898dcc33dda823dd36973daec'}]",https://media1.popsugar-assets.com/files/thumbor/51mDWXpKDInc9fDDXdcq3hDslu8/fit-in/1024x1024/filters:format_auto-!!-:strip_icc-!!-/2018/03/05/028/n/1922398/8afb745ce4eca00a_GettyImages-476297379.jpg,Jennifer Garner Looking Like a Glowing Ball of Gorgeousness at the Oscars: A History
"[{'url': 'https://media1.popsugar-assets.com/files/thumbor/7qeaMPlEEDXMZ5OgLIw4w8W9WzY/fit-in/1024x1024/filters:format_auto-!!-:strip_icc-!!-/2018/03/05/028/n/1922398/79b404a50b788ff2_GettyImages-162772928.jpg', 'path': 'full/136ba20d4dfd5cda4a7061b92e87a64506d1575d.jpg', 'checksum': '90cc170c9ea009d8cab0479d7634fbce'}]",https://media1.popsugar-assets.com/files/thumbor/7qeaMPlEEDXMZ5OgLIw4w8W9WzY/fit-in/1024x1024/filters:format_auto-!!-:strip_icc-!!-/2018/03/05/028/n/1922398/79b404a50b788ff2_GettyImages-162772928.jpg,Jennifer Garner Looking Like a Glowing Ball of Gorgeousness at the Oscars: A History
"[{'url': 'https://media1.popsugar-assets.com/files/thumbor/ximpDWxRw3w9OL-bJGrLgwdPW2c/fit-in/1024x1024/filters:format_auto-!!-:strip_icc-!!-/2018/03/05/028/n/1922398/d5cfdefad66b9575_GettyImages-179886554.jpg', 'path': 'full/2a75b298e9c1dd87123d60044b743ae545a31d46.jpg', 'checksum': '5a62dbfaaecedd52b445245e2c849f54'}]",https://media1.popsugar-assets.com/files/thumbor/ximpDWxRw3w9OL-bJGrLgwdPW2c/fit-in/1024x1024/filters:format_auto-!!-:strip_icc-!!-/2018/03/05/028/n/1922398/d5cfdefad66b9575_GettyImages-179886554.jpg,Jennifer Garner Looking Like a Glowing Ball of Gorgeousness at the Oscars: A History
"[{'url': 'https://media1.popsugar-assets.com/files/thumbor/T9qFVoahourOzkRR140C-SlwVM4/fit-in/1024x1024/filters:format_auto-!!-:strip_icc-!!-/2018/03/05/832/n/1922564/b0f94d32ce596cba_GettyImages-104974303.jpg', 'path': 'full/87a1cc16288ba3e22b89b29bbd6fa2c90d0fb7b3.jpg', 'checksum': 'e6061a8ae8645610d8bc1dcddd36cd8b'}]",https://media1.popsugar-assets.com/files/thumbor/T9qFVoahourOzkRR140C-SlwVM4/fit-in/1024x1024/filters:format_auto-!!-:strip_icc-!!-/2018/03/05/832/n/1922564/b0f94d32ce596cba_GettyImages-104974303.jpg,We Forgot How Good Jennifer Garner's Red Carpet Style Was — Until We Saw Her Oscars Dress
"[{'url': 'https://media1.popsugar-assets.com/files/thumbor/FzJBb6K7aAKfdYxAkY8JpmdSGP0/fit-in/1024x1024/filters:format_auto-!!-:strip_icc-!!-/2018/03/05/832/n/1922564/c5d788abfde6cb49_GettyImages-85437497.jpg', 'path': 'full/92733590c18653ef9ed489f794fc792d882709b3.jpg', 'checksum': 'f003874c62665c3025748c52762db424'}]",https://media1.popsugar-assets.com/files/thumbor/FzJBb6K7aAKfdYxAkY8JpmdSGP0/fit-in/1024x1024/filters:format_auto-!!-:strip_icc-!!-/2018/03/05/832/n/1922564/c5d788abfde6cb49_GettyImages-85437497.jpg,We Forgot How Good Jennifer Garner's Red Carpet Style Was — Until We Saw Her Oscars Dress
"[{'url': 'https://media1.popsugar-assets.com/files/thumbor/90yM0FUCHTGSBz28m4e3Yr9CeVA/fit-in/1024x1024/filters:format_auto-!!-:strip_icc-!!-/2018/03/05/832/n/1922564/f58a2e65dc8e375e_GettyImages-130194876.jpg', 'path': 'full/8665b7bbf5103c5f7a9445cd843e6af0fefa7cf0.jpg', 'checksum': '1f9fec8f3238161c121fa9543a778d3b'}]",https://media1.popsugar-assets.com/files/thumbor/90yM0FUCHTGSBz28m4e3Yr9CeVA/fit-in/1024x1024/filters:format_auto-!!-:strip_icc-!!-/2018/03/05/832/n/1922564/f58a2e65dc8e375e_GettyImages-130194876.jpg,We Forgot How Good Jennifer Garner's Red Carpet Style Was — Until We Saw Her Oscars Dress
"[{'url': 'https://media1.popsugar-assets.com/files/thumbor/fdD96L4kSI4QUCXKEvaGQxYyDFM/fit-in/1024x1024/filters:format_auto-!!-:strip_icc-!!-/2018/03/05/832/n/1922564/612f89debe7acf4d_GettyImages-125365652.jpg', 'path': 'full/f9d76c9834a7e95dced41cbe3b1f7e75916270fb.jpg', 'checksum': 'c8ceaa170fab3f50cb421cff81900735'}]",https://media1.popsugar-assets.com/files/thumbor/fdD96L4kSI4QUCXKEvaGQxYyDFM/fit-in/1024x1024/filters:format_auto-!!-:strip_icc-!!-/2018/03/05/832/n/1922564/612f89debe7acf4d_GettyImages-125365652.jpg,We Forgot How Good Jennifer Garner's Red Carpet Style Was — Until We Saw Her Oscars Dress
"[{'url': 'https://media1.popsugar-assets.com/files/thumbor/HTEkEvr7J0D_YiIJpcHhWaep21w/fit-in/1024x1024/filters:format_auto-!!-:strip_icc-!!-/2018/03/05/832/n/1922564/756b656f8d2eaf6a_GettyImages-79644788.jpg', 'path': 'full/f1b81fc841f45245b8efa6b8d8192110faaa70ab.jpg', 'checksum': '352e8605faf5720934ffa6e6da5bf60d'}]",https://media1.popsugar-assets.com/files/thumbor/HTEkEvr7J0D_YiIJpcHhWaep21w/fit-in/1024x1024/filters:format_auto-!!-:strip_icc-!!-/2018/03/05/832/n/1922564/756b656f8d2eaf6a_GettyImages-79644788.jpg,We Forgot How Good Jennifer Garner's Red Carpet Style Was — Until We Saw Her Oscars Dress
"[{'url': 'https://media1.popsugar-assets.com/files/thumbor/gvKeGKGsAImdAtV5hzEQdV7K4sU/fit-in/1024x1024/filters:format_auto-!!-:strip_icc-!!-/2018/03/05/832/n/1922564/0aa74199122829c5_GettyImages-105041349.jpg', 'path': 'full/30be749888ff79359e6d092aabd558c3257e72a7.jpg', 'checksum': '99b7dba0dda983a51d3403e926395300'}]",https://media1.popsugar-assets.com/files/thumbor/gvKeGKGsAImdAtV5hzEQdV7K4sU/fit-in/1024x1024/filters:format_auto-!!-:strip_icc-!!-/2018/03/05/832/n/1922564/0aa74199122829c5_GettyImages-105041349.jpg,We Forgot How Good Jennifer Garner's Red Carpet Style Was — Until We Saw Her Oscars Dress
"[{'url': 'https://media1.popsugar-assets.com/files/thumbor/a4pkjQTSye3fwrGDsfatrpZWc88/fit-in/1024x1024/filters:format_auto-!!-:strip_icc-!!-/2018/03/05/832/n/1922564/b9175974626ae8e5_GettyImages-105243456.jpg', 'path': 'full/d7b1abae71911baed550215bd50da1e9f1f8adc7.jpg', 'checksum': '7f88bcf93a2641fc84a0e4e4970d6bd2'}]",https://media1.popsugar-assets.com/files/thumbor/a4pkjQTSye3fwrGDsfatrpZWc88/fit-in/1024x1024/filters:format_auto-!!-:strip_icc-!!-/2018/03/05/832/n/1922564/b9175974626ae8e5_GettyImages-105243456.jpg,We Forgot How Good Jennifer Garner's Red Carpet Style Was — Until We Saw Her Oscars Dress
"[{'url': 'https://media1.popsugar-assets.com/files/thumbor/lx_iV075oYnibtUgwYqepP4gcbw/fit-in/1024x1024/filters:format_auto-!!-:strip_icc-!!-/2018/03/05/832/n/1922564/7f9a799bd5468f3c_GettyImages-175150229.jpg', 'path': 'full/8a52f7f35cdc62d53ddb6ca71a08174e6db66ec4.jpg', 'checksum': '09c83d4699825d18c169dd97c1c1e949'}]",https://media1.popsugar-assets.com/files/thumbor/lx_iV075oYnibtUgwYqepP4gcbw/fit-in/1024x1024/filters:format_auto-!!-:strip_icc-!!-/2018/03/05/832/n/1922564/7f9a799bd5468f3c_GettyImages-175150229.jpg,We Forgot How Good Jennifer Garner's Red Carpet Style Was — Until We Saw Her Oscars Dress
"[{'url': 'https://media1.popsugar-assets.com/files/thumbor/quirKmskzQdn81pxa3MZe7ZpS7I/fit-in/1024x1024/filters:format_auto-!!-:strip_icc-!!-/2018/03/05/832/n/1922564/21459f26b57f7f71_GettyImages-130048006.jpg', 'path': 'full/e2b8bd22b76065fb296555f44e2d36b2fc55917f.jpg', 'checksum': 'bbc27d89880d323869ee1a35d693734b'}]",https://media1.popsugar-assets.com/files/thumbor/quirKmskzQdn81pxa3MZe7ZpS7I/fit-in/1024x1024/filters:format_auto-!!-:strip_icc-!!-/2018/03/05/832/n/1922564/21459f26b57f7f71_GettyImages-130048006.jpg,We Forgot How Good Jennifer Garner's Red Carpet Style Was — Until We Saw Her Oscars Dress
"[{'url': 'https://media1.popsugar-assets.com/files/thumbor/3NCAHTjomrAAcySs_mvJS2Bw8Ns/fit-in/1024x1024/filters:format_auto-!!-:strip_icc-!!-/2018/03/05/832/n/1922564/6f5efa9e2b4c2543_GettyImages-75927728.jpg', 'path': 'full/eb1a337f31b55ca29d9abc20f09ad0aca3b80ec4.jpg', 'checksum': 'f6d97b07f5d40bed2d13a12d3f659f4c'}]",https://media1.popsugar-assets.com/files/thumbor/3NCAHTjomrAAcySs_mvJS2Bw8Ns/fit-in/1024x1024/filters:format_auto-!!-:strip_icc-!!-/2018/03/05/832/n/1922564/6f5efa9e2b4c2543_GettyImages-75927728.jpg,We Forgot How Good Jennifer Garner's Red Carpet Style Was — Until We Saw Her Oscars Dress
"[{'url': 'https://media1.popsugar-assets.com/files/thumbor/fJ1YDs0oRa6oJCC_LX3wP6S24NQ/fit-in/1024x1024/filters:format_auto-!!-:strip_icc-!!-/2018/03/05/832/n/1922564/207fff33eb3777cd_GettyImages-130072078.jpg', 'path': 'full/44ede1a0923781460e0723a5d5b16bc8d8a58054.jpg', 'checksum': '029119c2acfcd17231171a8ae7426248'}]",https://media1.popsugar-assets.com/files/thumbor/fJ1YDs0oRa6oJCC_LX3wP6S24NQ/fit-in/1024x1024/filters:format_auto-!!-:strip_icc-!!-/2018/03/05/832/n/1922564/207fff33eb3777cd_GettyImages-130072078.jpg,We Forgot How Good Jennifer Garner's Red Carpet Style Was — Until We Saw Her Oscars Dress
"[{'url': 'https://media1.popsugar-assets.com/files/thumbor/MRHbBD3gu6kNiMxA6zJhccd083I/fit-in/1024x1024/filters:format_auto-!!-:strip_icc-!!-/2018/03/05/832/n/1922564/f91df2f15a9d4b5b_GettyImages-184540763.jpg', 'path': 'full/00e4746ac7b0e344da460053cc2b78351900ccb1.jpg', 'checksum': 'aa427e67cb6b39f8220e6d78b05dfef3'}]",https://media1.popsugar-assets.com/files/thumbor/MRHbBD3gu6kNiMxA6zJhccd083I/fit-in/1024x1024/filters:format_auto-!!-:strip_icc-!!-/2018/03/05/832/n/1922564/f91df2f15a9d4b5b_GettyImages-184540763.jpg,We Forgot How Good Jennifer Garner's Red Carpet Style Was — Until We Saw Her Oscars Dress
"[{'url': 'https://media1.popsugar-assets.com/files/thumbor/5oZ84tQfGyPFEY1RF0WVvgJ9d-g/fit-in/1024x1024/filters:format_auto-!!-:strip_icc-!!-/2018/03/05/832/n/1922564/1e6622b9d8529209_GettyImages-88844679.jpg', 'path': 'full/0f9e3734b976d095b64ce75350dea7caf6fc9848.jpg', 'checksum': '5184c3f0bc2486c3c9510c24998620e7'}]",https://media1.popsugar-assets.com/files/thumbor/5oZ84tQfGyPFEY1RF0WVvgJ9d-g/fit-in/1024x1024/filters:format_auto-!!-:strip_icc-!!-/2018/03/05/832/n/1922564/1e6622b9d8529209_GettyImages-88844679.jpg,We Forgot How Good Jennifer Garner's Red Carpet Style Was — Until We Saw Her Oscars Dress
"[{'url': 'https://media1.popsugar-assets.com/files/thumbor/YDjKoqkGMviEXRfqJfZUohwEKig/fit-in/1024x1024/filters:format_auto-!!-:strip_icc-!!-/2018/03/05/832/n/1922564/5296d7cb17241e06_GettyImages-74757602.jpg', 'path': 'full/8efcf0bb3b2bdbe9ae204c235389807996e1dd58.jpg', 'checksum': '55575cb66cd17e42d7fe348c0c2e6e74'}]",https://media1.popsugar-assets.com/files/thumbor/YDjKoqkGMviEXRfqJfZUohwEKig/fit-in/1024x1024/filters:format_auto-!!-:strip_icc-!!-/2018/03/05/832/n/1922564/5296d7cb17241e06_GettyImages-74757602.jpg,We Forgot How Good Jennifer Garner's Red Carpet Style Was — Until We Saw Her Oscars Dress
"[{'url': 'https://media1.popsugar-assets.com/files/thumbor/gERv2wgzc1qoi_TdTH2D-9Fzo1k/fit-in/1024x1024/filters:format_auto-!!-:strip_icc-!!-/2018/03/05/832/n/1922564/b824389657d76bd6_GettyImages-106230164.jpg', 'path': 'full/f00b91b65f99b800fee00eb5030d0f352cf60863.jpg', 'checksum': 'e5621a14612f9cd1125e5ee7c267769e'}]",https://media1.popsugar-assets.com/files/thumbor/gERv2wgzc1qoi_TdTH2D-9Fzo1k/fit-in/1024x1024/filters:format_auto-!!-:strip_icc-!!-/2018/03/05/832/n/1922564/b824389657d76bd6_GettyImages-106230164.jpg,We Forgot How Good Jennifer Garner's Red Carpet Style Was — Until We Saw Her Oscars Dress
"[{'url': 'https://media1.popsugar-assets.com/files/thumbor/PuGbnjHf9LYg50PFlJrTAz74Zn4/fit-in/1024x1024/filters:format_auto-!!-:strip_icc-!!-/2018/03/05/832/n/1922564/82fe329afc4f73cc_GettyImages-78567283.jpg', 'path': 'full/2311021719a1344bd586bb4663a3a3598d53fa80.jpg', 'checksum': 'd8862ce02792ee46c392d826def884fd'}]",https://media1.popsugar-assets.com/files/thumbor/PuGbnjHf9LYg50PFlJrTAz74Zn4/fit-in/1024x1024/filters:format_auto-!!-:strip_icc-!!-/2018/03/05/832/n/1922564/82fe329afc4f73cc_GettyImages-78567283.jpg,We Forgot How Good Jennifer Garner's Red Carpet Style Was — Until We Saw Her Oscars Dress
"[{'url': 'https://media1.popsugar-assets.com/files/thumbor/fTBTxI9iRZlJwemIh9OiWauz7IY/fit-in/1024x1024/filters:format_auto-!!-:strip_icc-!!-/2018/03/05/832/n/1922564/220904797eed9cec_GettyImages-107261822.jpg', 'path': 'full/e649bf75033d04504da15624787bfa61d5702faf.jpg', 'checksum': 'f7e8de361ce442f02dfb759a2fd1fbe9'}]",https://media1.popsugar-assets.com/files/thumbor/fTBTxI9iRZlJwemIh9OiWauz7IY/fit-in/1024x1024/filters:format_auto-!!-:strip_icc-!!-/2018/03/05/832/n/1922564/220904797eed9cec_GettyImages-107261822.jpg,We Forgot How Good Jennifer Garner's Red Carpet Style Was — Until We Saw Her Oscars Dress
"[{'url': 'https://media1.popsugar-assets.com/files/thumbor/igJlGmYuds4l1PLrnD6zfyFIMlI/fit-in/1024x1024/filters:format_auto-!!-:strip_icc-!!-/2018/03/05/832/n/1922564/127ad2920eb57989_GettyImages-79984062.jpg', 'path': 'full/82e63188f6c4634f51351aaed2e73df6c62c4503.jpg', 'checksum': 'ceda27b2bf70b5dc0859a738071e99b7'}]",https://media1.popsugar-assets.com/files/thumbor/igJlGmYuds4l1PLrnD6zfyFIMlI/fit-in/1024x1024/filters:format_auto-!!-:strip_icc-!!-/2018/03/05/832/n/1922564/127ad2920eb57989_GettyImages-79984062.jpg,We Forgot How Good Jennifer Garner's Red Carpet Style Was — Until We Saw Her Oscars Dress
"[{'url': 'https://media1.popsugar-assets.com/files/thumbor/G7Wvtjwa1JE9G2Ig_1ud0Yr9Gmg/fit-in/1024x1024/filters:format_auto-!!-:strip_icc-!!-/2018/03/05/832/n/1922564/367a6cf36174ff49_GettyImages-79969138.jpg', 'path': 'full/70f455f1f1e4eac09acbaa6f1ce767a086e9e124.jpg', 'checksum': '4ae65f83aa8a221927bf3e252a5aa7ea'}]",https://media1.popsugar-assets.com/files/thumbor/G7Wvtjwa1JE9G2Ig_1ud0Yr9Gmg/fit-in/1024x1024/filters:format_auto-!!-:strip_icc-!!-/2018/03/05/832/n/1922564/367a6cf36174ff49_GettyImages-79969138.jpg,We Forgot How Good Jennifer Garner's Red Carpet Style Was — Until We Saw Her Oscars Dress
"[{'url': 'https://media1.popsugar-assets.com/files/thumbor/ghWjlvpNLgEZPUVd3Cf2sxtSExw/fit-in/1024x1024/filters:format_auto-!!-:strip_icc-!!-/2018/03/05/832/n/1922564/c19ba07044a851cc_GettyImages-114745100_1_.jpg', 'path': 'full/251d3bc6bf89aa8bca5d72543aa19db21857889e.jpg', 'checksum': 'fe5790b50194438603ed3282efb552ab'}]",https://media1.popsugar-assets.com/files/thumbor/ghWjlvpNLgEZPUVd3Cf2sxtSExw/fit-in/1024x1024/filters:format_auto-!!-:strip_icc-!!-/2018/03/05/832/n/1922564/c19ba07044a851cc_GettyImages-114745100_1_.jpg,We Forgot How Good Jennifer Garner's Red Carpet Style Was — Until We Saw Her Oscars Dress
"[{'url': 'https://media1.popsugar-assets.com/files/thumbor/1UVFcmAFq8MP6F3weO48nrBR19M/fit-in/1024x1024/filters:format_auto-!!-:strip_icc-!!-/2018/03/05/832/n/1922564/2dacaddc52ddcef8_GettyImages-74096518.jpg', 'path': 'full/ed48b3eebdc10fa8d2470cafdffccfc196a90c13.jpg', 'checksum': 'f528a87d0756b171a46a048a6b3d2e12'}]",https://media1.popsugar-assets.com/files/thumbor/1UVFcmAFq8MP6F3weO48nrBR19M/fit-in/1024x1024/filters:format_auto-!!-:strip_icc-!!-/2018/03/05/832/n/1922564/2dacaddc52ddcef8_GettyImages-74096518.jpg,We Forgot How Good Jennifer Garner's Red Carpet Style Was — Until We Saw Her Oscars Dress
"[{'url': 'https://media1.popsugar-assets.com/files/thumbor/nJfB7Wh1FUkkRGHN_rhwYCXqDhY/fit-in/1024x1024/filters:format_auto-!!-:strip_icc-!!-/2018/03/05/832/n/1922564/dd7cc53f74752601_GettyImages-162546114.jpg', 'path': 'full/fef101faeb15263a393d3bfd2c59e3bec425982e.jpg', 'checksum': '33696de141a92d5b235fdcefee0a0017'}]",https://media1.popsugar-assets.com/files/thumbor/nJfB7Wh1FUkkRGHN_rhwYCXqDhY/fit-in/1024x1024/filters:format_auto-!!-:strip_icc-!!-/2018/03/05/832/n/1922564/dd7cc53f74752601_GettyImages-162546114.jpg,We Forgot How Good Jennifer Garner's Red Carpet Style Was — Until We Saw Her Oscars Dress
"[{'url': 'https://media1.popsugar-assets.com/files/thumbor/BQL6Hsy0PnSACjUeqGPHeJTfhGE/fit-in/1024x1024/filters:format_auto-!!-:strip_icc-!!-/2018/03/05/832/n/1922564/61e00866664c0b58_GettyImages-162380291.jpg', 'path': 'full/3fd742d5c43d0691ef323df33c75c40127e12592.jpg', 'checksum': '30ff4d3aef0b8093da8f363714cea961'}]",https://media1.popsugar-assets.com/files/thumbor/BQL6Hsy0PnSACjUeqGPHeJTfhGE/fit-in/1024x1024/filters:format_auto-!!-:strip_icc-!!-/2018/03/05/832/n/1922564/61e00866664c0b58_GettyImages-162380291.jpg,We Forgot How Good Jennifer Garner's Red Carpet Style Was — Until We Saw Her Oscars Dress
"[{'url': 'https://media1.popsugar-assets.com/files/thumbor/hAxAQmcatuhq94iWPe3tlQgb2Pc/fit-in/1024x1024/filters:format_auto-!!-:strip_icc-!!-/2018/03/05/832/n/1922564/5876625ec7e9d01b_GettyImages-159422607.jpg', 'path': 'full/132d9be2cca1e7309dd9436e15164b534b5906e6.jpg', 'checksum': '199378d30a442f11d677b9d015ced5df'}]",https://media1.popsugar-assets.com/files/thumbor/hAxAQmcatuhq94iWPe3tlQgb2Pc/fit-in/1024x1024/filters:format_auto-!!-:strip_icc-!!-/2018/03/05/832/n/1922564/5876625ec7e9d01b_GettyImages-159422607.jpg,We Forgot How Good Jennifer Garner's Red Carpet Style Was — Until We Saw Her Oscars Dress
"[{'url': 'https://media1.popsugar-assets.com/files/thumbor/H1-scKnmkHxbFKF8K6v3zXRUEEk/fit-in/1024x1024/filters:format_auto-!!-:strip_icc-!!-/2018/03/05/832/n/1922564/2ea6a7e29859b295_GettyImages-513155820.jpg', 'path': 'full/3136f9662428b28d733262f15ca4eb4843a9ab83.jpg', 'checksum': '4757f8257b50ee5baf5d775afecddc59'}]",https://media1.popsugar-assets.com/files/thumbor/H1-scKnmkHxbFKF8K6v3zXRUEEk/fit-in/1024x1024/filters:format_auto-!!-:strip_icc-!!-/2018/03/05/832/n/1922564/2ea6a7e29859b295_GettyImages-513155820.jpg,We Forgot How Good Jennifer Garner's Red Carpet Style Was — Until We Saw Her Oscars Dress
"[{'url': 'https://media1.popsugar-assets.com/files/thumbor/AJPWF95vDg-_lB4NMFIn3k-YpTc/fit-in/1024x1024/filters:format_auto-!!-:strip_icc-!!-/2018/03/04/171/n/1922153/ce90f8328172af82_GettyImages-927269500.jpg', 'path': 'full/9a2bde019909c6af5c5b901f5f12cd61f1b5ff34.jpg', 'checksum': 'd4a0f7bfb48d565965aba0eaf7aacc59'}]",https://media1.popsugar-assets.com/files/thumbor/AJPWF95vDg-_lB4NMFIn3k-YpTc/fit-in/1024x1024/filters:format_auto-!!-:strip_icc-!!-/2018/03/04/171/n/1922153/ce90f8328172af82_GettyImages-927269500.jpg,Zoom in on All the Best Manis From the Met Gala
"[{'url': 'https://media1.popsugar-assets.com/files/thumbor/QLj50xQzvIVL2I4Wbqj4grtwQ_c/fit-in/1024x1024/filters:format_auto-!!-:strip_icc-!!-/2018/03/05/832/n/1922564/eb4c0723f646b335_GettyImages-476387997.jpg', 'path': 'full/27a26c4dfc301bf68874775d91bed5ffb245c158.jpg', 'checksum': '2683ccda86f144d89a8b9f04563a7d02'}]",https://media1.popsugar-assets.com/files/thumbor/QLj50xQzvIVL2I4Wbqj4grtwQ_c/fit-in/1024x1024/filters:format_auto-!!-:strip_icc-!!-/2018/03/05/832/n/1922564/eb4c0723f646b335_GettyImages-476387997.jpg,We Forgot How Good Jennifer Garner's Red Carpet Style Was — Until We Saw Her Oscars Dress
"[{'url': 'https://media1.popsugar-assets.com/files/thumbor/CebrvitF7j82QupIVouEyo4oymc/fit-in/1024x1024/filters:format_auto-!!-:strip_icc-!!-/2018/03/05/832/n/1922564/2a8932f7c4b7dc3f_GettyImages-927254610.jpg', 'path': 'full/bdf02edbcd55e5f1b5e318ff0c1b13547a65538a.jpg', 'checksum': '43b6be8ed42ff0f9892721b96fa7b4bf'}]",https://media1.popsugar-assets.com/files/thumbor/CebrvitF7j82QupIVouEyo4oymc/fit-in/1024x1024/filters:format_auto-!!-:strip_icc-!!-/2018/03/05/832/n/1922564/2a8932f7c4b7dc3f_GettyImages-927254610.jpg,We Forgot How Good Jennifer Garner's Red Carpet Style Was — Until We Saw Her Oscars Dress
"[{'url': 'https://media1.popsugar-assets.com/files/thumbor/y0y_1tGg-QI11xbL7vvcjd-TgzM/fit-in/1024x1024/filters:format_auto-!!-:strip_icc-!!-/2018/03/05/528/n/1922564/32f8b5e7243ce12d_GettyImages-927331354_master.jpg', 'path': 'full/8f4ffd79ad15543c55380c52874c125e1d560bd7.jpg', 'checksum': '7b8aca0350683b44eb29553abdea2acb'}]",https://media1.popsugar-assets.com/files/thumbor/y0y_1tGg-QI11xbL7vvcjd-TgzM/fit-in/1024x1024/filters:format_auto-!!-:strip_icc-!!-/2018/03/05/528/n/1922564/32f8b5e7243ce12d_GettyImages-927331354_master.jpg,16 Stylish Moments From the Oscars That Deserve Your Full Attention
"[{'url': 'https://media1.popsugar-assets.com/files/thumbor/iui1fxOvjmLErgOrKxwCCier52U/fit-in/1024x1024/filters:format_auto-!!-:strip_icc-!!-/2018/03/04/314/n/1922398/4316e8c13a7af2ae_GettyImages-927353098.jpg', 'path': 'full/ac887682f4a272720a02b4d5cabb8ec5dd617228.jpg', 'checksum': '243f84ffb5ba9fa3713e842f3f37f4e2'}]",https://media1.popsugar-assets.com/files/thumbor/iui1fxOvjmLErgOrKxwCCier52U/fit-in/1024x1024/filters:format_auto-!!-:strip_icc-!!-/2018/03/04/314/n/1922398/4316e8c13a7af2ae_GettyImages-927353098.jpg,80+ Downright Perfect Pictures From the Oscars
"[{'url': 'https://media1.popsugar-assets.com/files/thumbor/USnIUo1j4CxhRBq1fBHo_X3HkTQ/fit-in/1024x1024/filters:format_auto-!!-:strip_icc-!!-/2018/03/04/249/n/1922398/49659389b6b64e90_GettyImages-927301826_master.jpg', 'path': 'full/3592a27fa8d54965e33ba80983119efaf040a5bb.jpg', 'checksum': 'fdbe4ed82bffaa270eca0a1de5ec1d60'}]",https://media1.popsugar-assets.com/files/thumbor/USnIUo1j4CxhRBq1fBHo_X3HkTQ/fit-in/1024x1024/filters:format_auto-!!-:strip_icc-!!-/2018/03/04/249/n/1922398/49659389b6b64e90_GettyImages-927301826_master.jpg,80+ Downright Perfect Pictures From the Oscars
"[{'url': 'https://media1.popsugar-assets.com/files/thumbor/LScjRvv6ll-OqExB6YPXhX17sW0/fit-in/1024x1024/filters:format_auto-!!-:strip_icc-!!-/2018/03/04/205/n/1922398/8b36d078334c99d1_GettyImages-927301826.jpg', 'path': 'full/580eaeb48841b99e364583c9da4dc60c846a704e.jpg', 'checksum': 'fdbe4ed82bffaa270eca0a1de5ec1d60'}]",https://media1.popsugar-assets.com/files/thumbor/LScjRvv6ll-OqExB6YPXhX17sW0/fit-in/1024x1024/filters:format_auto-!!-:strip_icc-!!-/2018/03/04/205/n/1922398/8b36d078334c99d1_GettyImages-927301826.jpg,"47 of the Most Glamorous, Candid Moments From This Year's Oscars"
"[{'url': 'https://media1.popsugar-assets.com/files/thumbor/k9bKGpM_ONgtfThwM-XNX67T3zU/fit-in/1024x1024/filters:format_auto-!!-:strip_icc-!!-/2018/03/04/208/n/1922564/aba0f1e1b0aecf27_GettyImages-927261302.jpg', 'path': 'full/db15cdfbc4123dd03a8c6b71822a73cdea434ef0.jpg', 'checksum': '3028fc89345b70d8bb022f929d8a544f'}]",https://media1.popsugar-assets.com/files/thumbor/k9bKGpM_ONgtfThwM-XNX67T3zU/fit-in/1024x1024/filters:format_auto-!!-:strip_icc-!!-/2018/03/04/208/n/1922564/aba0f1e1b0aecf27_GettyImages-927261302.jpg,You Haven't Fully Lived Oscars Night If You Didn't See the Back of These Dresses
"[{'url': 'https://media1.popsugar-assets.com/files/thumbor/KuYC8KQIxO5_g2DyY1lmNGPMOd4/fit-in/1024x1024/filters:format_auto-!!-:strip_icc-!!-/2018/03/04/129/n/1922398/865385ad401d4a11_GettyImages-927278100.jpg', 'path': 'full/1ad88ca6da5fc87189d5a7b53d752ac91e9bcf56.jpg', 'checksum': '969f04db7d58593483b8827b5ab351b4'}]",https://media1.popsugar-assets.com/files/thumbor/KuYC8KQIxO5_g2DyY1lmNGPMOd4/fit-in/1024x1024/filters:format_auto-!!-:strip_icc-!!-/2018/03/04/129/n/1922398/865385ad401d4a11_GettyImages-927278100.jpg,These Black-and-White Pictures From the Oscars Practically Ooze Old Hollywood Glamour
"[{'url': 'https://media1.popsugar-assets.com/files/thumbor/Tmszb9D2s0g1m_QwCz68fPtNmxI/fit-in/1024x1024/filters:format_auto-!!-:strip_icc-!!-/2018/03/04/074/n/1922153/6098d7e219198ad8_GettyImages-927248958.jpg', 'path': 'full/809abc0fb7a7771dfae196b2db69ad42fd66f337.jpg', 'checksum': 'bdcf713a2916e6c36ab0b727442f1488'}]",https://media1.popsugar-assets.com/files/thumbor/Tmszb9D2s0g1m_QwCz68fPtNmxI/fit-in/1024x1024/filters:format_auto-!!-:strip_icc-!!-/2018/03/04/074/n/1922153/6098d7e219198ad8_GettyImages-927248958.jpg,Feast Your Eyes on the Most Stunning Beauty Looks from the Oscars
"[{'url': 'https://media1.popsugar-assets.com/files/thumbor/NLKROSwC4hrNZoIFVvGgdQlVhPY/fit-in/1024x1024/filters:format_auto-!!-:strip_icc-!!-/2018/03/04/059/n/1922398/cbf2388cd5cf1aae_GettyImages-927248592.jpg', 'path': 'full/9435b2103d42f43b1648776529512e49b53c3246.jpg', 'checksum': '9757bcdebefdcdbd6374d6dbebacdf70'}]",https://media1.popsugar-assets.com/files/thumbor/NLKROSwC4hrNZoIFVvGgdQlVhPY/fit-in/1024x1024/filters:format_auto-!!-:strip_icc-!!-/2018/03/04/059/n/1922398/cbf2388cd5cf1aae_GettyImages-927248592.jpg,"Help, I Can't Stop Staring at These Stunning Photos of Jennifer Garner at the Oscars"
"[{'url': 'https://media1.popsugar-assets.com/files/thumbor/G77RkGnTUvYxiCwk4HSw1FGccrc/fit-in/1024x1024/filters:format_auto-!!-:strip_icc-!!-/2018/03/04/111/n/1922564/2460e3ae7ade746f_GettyImages-927249084.jpg', 'path': 'full/9f6ef655371a953c00523407f16fe54ab53cdb01.jpg', 'checksum': 'fddbd17ffdca0608d62d9e90d5e56953'}]",https://media1.popsugar-assets.com/files/thumbor/G77RkGnTUvYxiCwk4HSw1FGccrc/fit-in/1024x1024/filters:format_auto-!!-:strip_icc-!!-/2018/03/04/111/n/1922564/2460e3ae7ade746f_GettyImages-927249084.jpg,These Celebrities Saved Their Sexiest Dresses For the Oscars
"[{'url': 'https://media1.popsugar-assets.com/files/thumbor/kSw-Vmfyp3ixJFcpR4VdJ5JVv_c/fit-in/1024x1024/filters:format_auto-!!-:strip_icc-!!-/2018/03/04/059/n/1922398/616e029102398974_GettyImages-927249072.jpg', 'path': 'full/a561f63cdf2dc722809490b1f6c4e7834663936d.jpg', 'checksum': '381ec9e7c182fe1094a74b5d08dc8f92'}]",https://media1.popsugar-assets.com/files/thumbor/kSw-Vmfyp3ixJFcpR4VdJ5JVv_c/fit-in/1024x1024/filters:format_auto-!!-:strip_icc-!!-/2018/03/04/059/n/1922398/616e029102398974_GettyImages-927249072.jpg,"Help, I Can't Stop Staring at These Stunning Photos of Jennifer Garner at the Oscars"
"[{'url': 'https://media1.popsugar-assets.com/files/thumbor/kTwWIlosGumRxGOvhuP2m01MbZY/fit-in/1024x1024/filters:format_auto-!!-:strip_icc-!!-/2018/03/04/059/n/1922398/8e4228b47b279acd_GettyImages-927249018.jpg', 'path': 'full/a054279b7a25249a6c6cabfd6665e008dc81b1ed.jpg', 'checksum': '0e38c24ace5a79b3d7ee9e996a76cf61'}]",https://media1.popsugar-assets.com/files/thumbor/kTwWIlosGumRxGOvhuP2m01MbZY/fit-in/1024x1024/filters:format_auto-!!-:strip_icc-!!-/2018/03/04/059/n/1922398/8e4228b47b279acd_GettyImages-927249018.jpg,"Help, I Can't Stop Staring at These Stunning Photos of Jennifer Garner at the Oscars"
"[{'url': 'https://media1.popsugar-assets.com/files/thumbor/7KFvVksylUtrwz-4LrfqQqVqQUs/fit-in/1024x1024/filters:format_auto-!!-:strip_icc-!!-/2018/03/04/059/n/1922398/0bcecd9d5e640b69_GettyImages-927248636.jpg', 'path': 'full/959d1f492f92d36abf26c7f0a6beb4fde1b6ce46.jpg', 'checksum': 'd40751893a664f49b192c2770256153a'}]",https://media1.popsugar-assets.com/files/thumbor/7KFvVksylUtrwz-4LrfqQqVqQUs/fit-in/1024x1024/filters:format_auto-!!-:strip_icc-!!-/2018/03/04/059/n/1922398/0bcecd9d5e640b69_GettyImages-927248636.jpg,"Help, I Can't Stop Staring at These Stunning Photos of Jennifer Garner at the Oscars"
"[{'url': 'https://media1.popsugar-assets.com/files/thumbor/ODXcECPq_H9K11-dsPP9SLNcC28/fit-in/1024x1024/filters:format_auto-!!-:strip_icc-!!-/2018/03/04/059/n/1922398/7621a872590b420f_GettyImages-927249092.jpg', 'path': 'full/50e94dcc9a7299d0edeac2fc90b85fa119cf168d.jpg', 'checksum': 'fddbd17ffdca0608d62d9e90d5e56953'}]",https://media1.popsugar-assets.com/files/thumbor/ODXcECPq_H9K11-dsPP9SLNcC28/fit-in/1024x1024/filters:format_auto-!!-:strip_icc-!!-/2018/03/04/059/n/1922398/7621a872590b420f_GettyImages-927249092.jpg,"Help, I Can't Stop Staring at These Stunning Photos of Jennifer Garner at the Oscars"
"[{'url': 'https://media1.popsugar-assets.com/files/thumbor/_HNgI2V1tOVWrDoad_BtHoHJPlU/fit-in/1024x1024/filters:format_auto-!!-:strip_icc-!!-/2018/03/04/059/n/1922398/e931beee793370ec_GettyImages-927248708.jpg', 'path': 'full/6f1854e5e48ef962a593ea1a857cf7c7d702424c.jpg', 'checksum': 'd0e9225ca0cd8971fb0e45c51a570476'}]",https://media1.popsugar-assets.com/files/thumbor/_HNgI2V1tOVWrDoad_BtHoHJPlU/fit-in/1024x1024/filters:format_auto-!!-:strip_icc-!!-/2018/03/04/059/n/1922398/e931beee793370ec_GettyImages-927248708.jpg,"Help, I Can't Stop Staring at These Stunning Photos of Jennifer Garner at the Oscars"
"[{'url': 'https://media1.popsugar-assets.com/files/thumbor/gyzsYxhTvKz3jyfcq-nagNRvKtI/fit-in/1024x1024/filters:format_auto-!!-:strip_icc-!!-/2018/03/04/059/n/1922398/d719b76d3875c895_GettyImages-927248716.jpg', 'path': 'full/bd7e7e63ae2a3f5849141933556d4df5753a2fad.jpg', 'checksum': '50f72c5b34dd5000be0199953f193791'}]",https://media1.popsugar-assets.com/files/thumbor/gyzsYxhTvKz3jyfcq-nagNRvKtI/fit-in/1024x1024/filters:format_auto-!!-:strip_icc-!!-/2018/03/04/059/n/1922398/d719b76d3875c895_GettyImages-927248716.jpg,"Help, I Can't Stop Staring at These Stunning Photos of Jennifer Garner at the Oscars"
"[{'url': 'https://media1.popsugar-assets.com/files/thumbor/KsBvgWWmBv8v0-AtWScV-SLT0ag/fit-in/1024x1024/filters:format_auto-!!-:strip_icc-!!-/2018/03/04/054/n/1922564/265adabdbecbcf64_GettyImages-927248502.jpg', 'path': 'full/be4dc93ed0b75e86c366e5be9d83c5505f1e0364.jpg', 'checksum': 'aa6c73433f7a499b657b2df856f02883'}]",https://media1.popsugar-assets.com/files/thumbor/KsBvgWWmBv8v0-AtWScV-SLT0ag/fit-in/1024x1024/filters:format_auto-!!-:strip_icc-!!-/2018/03/04/054/n/1922564/265adabdbecbcf64_GettyImages-927248502.jpg,Every Dress That Came Down the Oscars Red Carpet Was Undeniably Captivating
"[{'url': 'https://media1.popsugar-assets.com/files/thumbor/giMb7dXKqUFjXI0I1wA3ssqumjc/fit-in/1024x1024/filters:format_auto-!!-:strip_icc-!!-/2018/01/25/082/n/1922283/3ed593219865b60c_GettyImages-684855442.jpg', 'path': 'full/d57fd1d5551b87304173cd0624a17657f4678076.jpg', 'checksum': '31f2468fa1fe3ff509ed68bd41dc07c0'}]",https://media1.popsugar-assets.com/files/thumbor/giMb7dXKqUFjXI0I1wA3ssqumjc/fit-in/1024x1024/filters:format_auto-!!-:strip_icc-!!-/2018/01/25/082/n/1922283/3ed593219865b60c_GettyImages-684855442.jpg,"Meet the Cast That's Bringing the Beautiful Story of Love, Simon to Life"
"[{'url': 'https://media1.popsugar-assets.com/files/thumbor/4ni5ofYyZDG6n2CBcNDJa3CGGn8/fit-in/1024x1024/filters:format_auto-!!-:strip_icc-!!-/2017/11/14/773/n/29590734/5bbea1bd06599d29_GettyImages-862937838_master.jpg', 'path': 'full/eb10bcbc427edf53309b46a33366fb2ec4314bac.jpg', 'checksum': '784bf5c7e9110954f8a4a0a425fb4011'}]",https://media1.popsugar-assets.com/files/thumbor/4ni5ofYyZDG6n2CBcNDJa3CGGn8/fit-in/1024x1024/filters:format_auto-!!-:strip_icc-!!-/2017/11/14/773/n/29590734/5bbea1bd06599d29_GettyImages-862937838_master.jpg,"If You Can't Be Bothered With a Complicated Party Hairstyle, Do This 1 Thing Instead"
"[{'url': 'https://media1.popsugar-assets.com/files/thumbor/6rHyC-itQ3Hvvo_qipIv3dBZtwc/fit-in/1024x1024/filters:format_auto-!!-:strip_icc-!!-/2017/10/19/617/n/1922398/0e36a109cc8bd83c_GettyImages-862891698.jpg', 'path': 'full/df26a71ad4d5549098c4b5f86beccd5038a18a4e.jpg', 'checksum': 'fe4bade9e89462031b49802901aa3959'}]",https://media1.popsugar-assets.com/files/thumbor/6rHyC-itQ3Hvvo_qipIv3dBZtwc/fit-in/1024x1024/filters:format_auto-!!-:strip_icc-!!-/2017/10/19/617/n/1922398/0e36a109cc8bd83c_GettyImages-862891698.jpg,"Jennifer Garner Is Living Her Best Life Right Now, and We Love It So Much"
"[{'url': 'https://media1.popsugar-assets.com/files/thumbor/B67pZ6YVkTMiTQwxi_UR5JHmHLk/fit-in/1024x1024/filters:format_auto-!!-:strip_icc-!!-/2017/08/03/154/n/40684815/d523c95e8f5a7cfb_10._GettyImages-684854522.jpg', 'path': 'full/93a937fa3a50cf0f4fa98ae034178ead14c24f72.jpg', 'checksum': '8a376ba07ca4585dbdb64b747cb77907'}]",https://media1.popsugar-assets.com/files/thumbor/B67pZ6YVkTMiTQwxi_UR5JHmHLk/fit-in/1024x1024/filters:format_auto-!!-:strip_icc-!!-/2017/08/03/154/n/40684815/d523c95e8f5a7cfb_10._GettyImages-684854522.jpg,"These Are the 10 Hottest Autumn 2017 Haircuts, According to Celebrity Stylists"
"[{'url': 'https://media1.popsugar-assets.com/files/thumbor/qnftKdRRi2utBSlO5RadOOwPic0/fit-in/1024x1024/filters:format_auto-!!-:strip_icc-!!-/2017/10/19/617/n/1922398/5404b941ce8a585a_GettyImages-862904498.jpg', 'path': 'full/80a3f1a49ec21d1f1ffb87dff57aac04a5d8977b.jpg', 'checksum': 'aa4b0d0bcfe3302b8b9fc18d77f73477'}]",https://media1.popsugar-assets.com/files/thumbor/qnftKdRRi2utBSlO5RadOOwPic0/fit-in/1024x1024/filters:format_auto-!!-:strip_icc-!!-/2017/10/19/617/n/1922398/5404b941ce8a585a_GettyImages-862904498.jpg,"Jennifer Garner Is Living Her Best Life Right Now, and We Love It So Much"
"[{'url': 'https://media1.popsugar-assets.com/files/thumbor/b2t09YmFt8RyWSKmc484WZ3tgIM/fit-in/1024x1024/filters:format_auto-!!-:strip_icc-!!-/2017/08/02/594/n/1922398/a47915a508b7446d_GettyImages-825342984.jpg', 'path': 'full/0d2aade0b270e986055b6d75f2018216a2bf205a.jpg', 'checksum': 'de10da7e1082626ba37be9ef629d68f0'}]",https://media1.popsugar-assets.com/files/thumbor/b2t09YmFt8RyWSKmc484WZ3tgIM/fit-in/1024x1024/filters:format_auto-!!-:strip_icc-!!-/2017/08/02/594/n/1922398/a47915a508b7446d_GettyImages-825342984.jpg,We Would Love to Know What Jennifer Garner and Ben Affleck's Mum Are Laughing About
"[{'url': 'https://media1.popsugar-assets.com/files/thumbor/s0Tiw85ukqQXVZCzzQ0DcHfwRmY/fit-in/1024x1024/filters:format_auto-!!-:strip_icc-!!-/2017/10/19/617/n/1922398/c202fd20be761b65_GettyImages-862895226.jpg', 'path': 'full/a4fb0f289b68a525be4de4a7f357187543615086.jpg', 'checksum': 'dcb32b2b1e6035545b20cd19590856a6'}]",https://media1.popsugar-assets.com/files/thumbor/s0Tiw85ukqQXVZCzzQ0DcHfwRmY/fit-in/1024x1024/filters:format_auto-!!-:strip_icc-!!-/2017/10/19/617/n/1922398/c202fd20be761b65_GettyImages-862895226.jpg,"Jennifer Garner Is Living Her Best Life Right Now, and We Love It So Much"
"[{'url': 'https://media1.popsugar-assets.com/files/thumbor/csGguLHMArqmJkQd9gB5XYzePS0/fit-in/1024x1024/filters:format_auto-!!-:strip_icc-!!-/2017/10/19/617/n/1922398/37835c4638f8e77c_GettyImages-862891400.jpg', 'path': 'full/36a05b2a8634a4485d6b5c51bd709caf98b5ff51.jpg', 'checksum': '6d3c6ea27580683c78f14357951996cd'}]",https://media1.popsugar-assets.com/files/thumbor/csGguLHMArqmJkQd9gB5XYzePS0/fit-in/1024x1024/filters:format_auto-!!-:strip_icc-!!-/2017/10/19/617/n/1922398/37835c4638f8e77c_GettyImages-862891400.jpg,"Jennifer Garner Is Living Her Best Life Right Now, and We Love It So Much"
"[{'url': 'https://media1.popsugar-assets.com/files/thumbor/Ao_DM_wFPnmvrSv2MKgxIBtgiXw/fit-in/1024x1024/filters:format_auto-!!-:strip_icc-!!-/2016/12/14/682/n/1922564/e4fca8685134f25e_Olivia-Wilde.jpg', 'path': 'full/b3d79c34bc0494d3815658acbadd666ee1a6118f.jpg', 'checksum': 'b389bfe1713ca7eaa6fd7b4af8bc454a'}]",https://media1.popsugar-assets.com/files/thumbor/Ao_DM_wFPnmvrSv2MKgxIBtgiXw/fit-in/1024x1024/filters:format_auto-!!-:strip_icc-!!-/2016/12/14/682/n/1922564/e4fca8685134f25e_Olivia-Wilde.jpg,"2016's Most Googled Oscars Dress Might Surprise You, but a Quick Look Proves It Shouldn't"
"[{'url': 'https://media1.popsugar-assets.com/files/thumbor/GaYJNN2BHiWIAJsctL-nvhD1DVs/fit-in/1024x1024/filters:format_auto-!!-:strip_icc-!!-/2016/12/14/682/n/1922564/f3b0e477036b98f7_GettyImages-513150730.jpg', 'path': 'full/9090a6b2046e3072689248b61f1daa9f8076b2b0.jpg', 'checksum': '8f38775924d4c1df8d52f66aa8416172'}]",https://media1.popsugar-assets.com/files/thumbor/GaYJNN2BHiWIAJsctL-nvhD1DVs/fit-in/1024x1024/filters:format_auto-!!-:strip_icc-!!-/2016/12/14/682/n/1922564/f3b0e477036b98f7_GettyImages-513150730.jpg,"2016's Most Googled Oscars Dress Might Surprise You, but a Quick Look Proves It Shouldn't"
"[{'url': 'https://media1.popsugar-assets.com/files/thumbor/8hBmLx8gsaBS71zgjJHROOyP7Mo/fit-in/1024x1024/filters:format_auto-!!-:strip_icc-!!-/2016/12/14/682/n/1922564/7997a52a518279c3_GettyImages-513135900.jpg', 'path': 'full/863e8f95d7f27402e108931a75816bc29bdd3f88.jpg', 'checksum': '92320ac054c4e8abcdb908239cc84b92'}]",https://media1.popsugar-assets.com/files/thumbor/8hBmLx8gsaBS71zgjJHROOyP7Mo/fit-in/1024x1024/filters:format_auto-!!-:strip_icc-!!-/2016/12/14/682/n/1922564/7997a52a518279c3_GettyImages-513135900.jpg,"2016's Most Googled Oscars Dress Might Surprise You, but a Quick Look Proves It Shouldn't"
"[{'url': 'https://media1.popsugar-assets.com/files/thumbor/c-NJlCSo6rQM0_QFb5UNOApwynI/fit-in/1024x1024/filters:format_auto-!!-:strip_icc-!!-/2016/12/14/682/n/1922564/c9fee2dde06f0ec5_Alicia-Vikander.jpg', 'path': 'full/5da263f7cce95593dd80eae62ecc92cfc91e7624.jpg', 'checksum': '43f56b61690b32f7da81e893ba02f736'}]",https://media1.popsugar-assets.com/files/thumbor/c-NJlCSo6rQM0_QFb5UNOApwynI/fit-in/1024x1024/filters:format_auto-!!-:strip_icc-!!-/2016/12/14/682/n/1922564/c9fee2dde06f0ec5_Alicia-Vikander.jpg,"2016's Most Googled Oscars Dress Might Surprise You, but a Quick Look Proves It Shouldn't"
"[{'url': 'https://media1.popsugar-assets.com/files/thumbor/8CW8cDmIuLNZJaOwCVi8aeAMINA/fit-in/1024x1024/filters:format_auto-!!-:strip_icc-!!-/2016/12/14/682/n/1922564/9699d1b9eda51eed_GettyImages-513084080.jpg', 'path': 'full/da3a66929286f5a7bbc9ece11d9eb9bafb73cd5e.jpg', 'checksum': '7cb6b358b5d0867947a3468b1e241b4a'}]",https://media1.popsugar-assets.com/files/thumbor/8CW8cDmIuLNZJaOwCVi8aeAMINA/fit-in/1024x1024/filters:format_auto-!!-:strip_icc-!!-/2016/12/14/682/n/1922564/9699d1b9eda51eed_GettyImages-513084080.jpg,"2016's Most Googled Oscars Dress Might Surprise You, but a Quick Look Proves It Shouldn't"
"[{'url': 'https://media1.popsugar-assets.com/files/thumbor/MvSIAcxxnAEvyV730eVthYkv8o4/fit-in/1024x1024/filters:format_auto-!!-:strip_icc-!!-/2016/12/14/682/n/1922564/d8018c7a19e06447_Charlize-Theron.jpg', 'path': 'full/533b542aafd3da7ec4f7bd40c130e6f9c9076245.jpg', 'checksum': 'a541a859030cde03ff06e650daec75d9'}]",https://media1.popsugar-assets.com/files/thumbor/MvSIAcxxnAEvyV730eVthYkv8o4/fit-in/1024x1024/filters:format_auto-!!-:strip_icc-!!-/2016/12/14/682/n/1922564/d8018c7a19e06447_Charlize-Theron.jpg,"2016's Most Googled Oscars Dress Might Surprise You, but a Quick Look Proves It Shouldn't"
"[{'url': 'https://media1.popsugar-assets.com/files/thumbor/VBVer2Bbl5GnnqqsXk58mdS6_Aw/fit-in/1024x1024/filters:format_auto-!!-:strip_icc-!!-/2016/12/14/682/n/1922564/912c8eebc9b556cc_GettyImages-513824752.jpg', 'path': 'full/b419b94ca38c49419ab6a5b81d81e7cea85f5155.jpg', 'checksum': 'ca6b7ad422fcd03a7cb2c678c154ee64'}]",https://media1.popsugar-assets.com/files/thumbor/VBVer2Bbl5GnnqqsXk58mdS6_Aw/fit-in/1024x1024/filters:format_auto-!!-:strip_icc-!!-/2016/12/14/682/n/1922564/912c8eebc9b556cc_GettyImages-513824752.jpg,"2016's Most Googled Oscars Dress Might Surprise You, but a Quick Look Proves It Shouldn't"
"[{'url': 'https://media1.popsugar-assets.com/files/thumbor/4H62k4cknp-ivcW7-aINofvqCPE/fit-in/1024x1024/filters:format_auto-!!-:strip_icc-!!-/2016/12/14/682/n/1922564/f8a587003ca7c94e_GettyImages-513030132.jpg', 'path': 'full/30cfd8d72aef0044707f7a6b50d59a161a3fa237.jpg', 'checksum': '099b242effec01d7a6769f63f7a3df2d'}]",https://media1.popsugar-assets.com/files/thumbor/4H62k4cknp-ivcW7-aINofvqCPE/fit-in/1024x1024/filters:format_auto-!!-:strip_icc-!!-/2016/12/14/682/n/1922564/f8a587003ca7c94e_GettyImages-513030132.jpg,"2016's Most Googled Oscars Dress Might Surprise You, but a Quick Look Proves It Shouldn't"
"[{'url': 'https://media1.popsugar-assets.com/files/thumbor/lfFk7alzxnLv4-syqN9cfm-r_sY/fit-in/1024x1024/filters:format_auto-!!-:strip_icc-!!-/2016/12/14/682/n/1922564/ae48e2caf33b4803_GettyImages-513018040.jpg', 'path': 'full/c200c611e90a7c65d284478aded7bc3e34e76d7b.jpg', 'checksum': 'fbf1d078074571a811c9aeb685341afd'}]",https://media1.popsugar-assets.com/files/thumbor/lfFk7alzxnLv4-syqN9cfm-r_sY/fit-in/1024x1024/filters:format_auto-!!-:strip_icc-!!-/2016/12/14/682/n/1922564/ae48e2caf33b4803_GettyImages-513018040.jpg,"2016's Most Googled Oscars Dress Might Surprise You, but a Quick Look Proves It Shouldn't"
"[{'url': 'https://media1.popsugar-assets.com/files/thumbor/5VMveNuKmalSnnIqAemM82I_DTk/fit-in/1024x1024/filters:format_auto-!!-:strip_icc-!!-/2016/12/14/678/n/1922564/a2ade691571dc292_GettyImages-513155774.jpg', 'path': 'full/a19c9d93d42c079f5d119c877cbd10a9ccab06ee.jpg', 'checksum': '71ec62b1172bf916a22ba41b1c858683'}]",https://media1.popsugar-assets.com/files/thumbor/5VMveNuKmalSnnIqAemM82I_DTk/fit-in/1024x1024/filters:format_auto-!!-:strip_icc-!!-/2016/12/14/678/n/1922564/a2ade691571dc292_GettyImages-513155774.jpg,"2016's Most Googled Oscars Dress Might Surprise You, but a Quick Look Proves It Shouldn't"
"[{'url': 'https://media1.popsugar-assets.com/files/thumbor/nXbsAoSxDLpAZdydAPUYZO0xQT4/fit-in/1024x1024/filters:format_auto-!!-:strip_icc-!!-/2016/11/12/236/n/1922398/88614ee78fcf6ca9_GettyImages-622930932.jpg', 'path': 'full/29bd9d25a77f7ce73c9ace8216faa9f0d748a96b.jpg', 'checksum': '130507ded23c6a02ac83a9d8ca3de021'}]",https://media1.popsugar-assets.com/files/thumbor/nXbsAoSxDLpAZdydAPUYZO0xQT4/fit-in/1024x1024/filters:format_auto-!!-:strip_icc-!!-/2016/11/12/236/n/1922398/88614ee78fcf6ca9_GettyImages-622930932.jpg,Hollywood Mums and High-Profile Couples Step Out For the Annual Baby2Baby Gala
"[{'url': 'https://media1.popsugar-assets.com/files/thumbor/19xdVgiM8CbbO9qDt07hxXezu7w/fit-in/1024x1024/filters:format_auto-!!-:strip_icc-!!-/2016/11/12/237/n/1922398/3415faa94e9dee92_GettyImages-622931852.jpg', 'path': 'full/3e50bd48ff4175fe70e85f38ec6ebf42d1877634.jpg', 'checksum': '42dde86c3ba9b8b979eb16db124bd1b0'}]",https://media1.popsugar-assets.com/files/thumbor/19xdVgiM8CbbO9qDt07hxXezu7w/fit-in/1024x1024/filters:format_auto-!!-:strip_icc-!!-/2016/11/12/237/n/1922398/3415faa94e9dee92_GettyImages-622931852.jpg,Hollywood Mums and High-Profile Couples Step Out For the Annual Baby2Baby Gala
"[{'url': 'https://media1.popsugar-assets.com/files/thumbor/o_WcNnBn2f3KlshD575UNrsLv_Q/fit-in/1024x1024/filters:format_auto-!!-:strip_icc-!!-/2016/11/12/237/n/1922398/7ccc2be4d4192047_GettyImages-622931276.jpg', 'path': 'full/8b818016c0024cc6f4b4a1f778eae35a65e3add6.jpg', 'checksum': 'c70cce5c8476afab43bf8ee99cc5866d'}]",https://media1.popsugar-assets.com/files/thumbor/o_WcNnBn2f3KlshD575UNrsLv_Q/fit-in/1024x1024/filters:format_auto-!!-:strip_icc-!!-/2016/11/12/237/n/1922398/7ccc2be4d4192047_GettyImages-622931276.jpg,Hollywood Mums and High-Profile Couples Step Out For the Annual Baby2Baby Gala
"[{'url': 'https://media1.popsugar-assets.com/files/thumbor/xJ_oioV4hWZZyuU1qM5gsIDhNbY/fit-in/1024x1024/filters:format_auto-!!-:strip_icc-!!-/2016/11/12/236/n/1922398/775c2cd645951069_GettyImages-622886536.jpg', 'path': 'full/8e019e8f630f3724f82c1730c64ba5a34ad87711.jpg', 'checksum': 'd2039b9bbd53eec08c2a59c74190dc1a'}]",https://media1.popsugar-assets.com/files/thumbor/xJ_oioV4hWZZyuU1qM5gsIDhNbY/fit-in/1024x1024/filters:format_auto-!!-:strip_icc-!!-/2016/11/12/236/n/1922398/775c2cd645951069_GettyImages-622886536.jpg,Hollywood Mums and High-Profile Couples Step Out For the Annual Baby2Baby Gala
"[{'url': 'https://media1.popsugar-assets.com/files/thumbor/q7AMyRiN2iUu_sL5KSju92_BW4Q/fit-in/1024x1024/filters:format_auto-!!-:strip_icc-!!-/2016/11/12/236/n/1922398/689cb0cc5fbe501e_GettyImages-622930906.jpg', 'path': 'full/ef743511bde8bb167dcd139b89ccdcb0b1c13a82.jpg', 'checksum': 'ad8ea4b2bda452a8f0e9927f6f954bd5'}]",https://media1.popsugar-assets.com/files/thumbor/q7AMyRiN2iUu_sL5KSju92_BW4Q/fit-in/1024x1024/filters:format_auto-!!-:strip_icc-!!-/2016/11/12/236/n/1922398/689cb0cc5fbe501e_GettyImages-622930906.jpg,Hollywood Mums and High-Profile Couples Step Out For the Annual Baby2Baby Gala
"[{'url': 'https://media1.popsugar-assets.com/files/thumbor/MaSi1WF5GwgqxPxnxBAJDxhFrGs/fit-in/1024x1024/filters:format_auto-!!-:strip_icc-!!-/2016/11/12/236/n/1922398/d65e24f2e448c4a9_GettyImages-622884442.jpg', 'path': 'full/a94d8d1974ccbcead75ffafd331aa9029c63c141.jpg', 'checksum': 'c19ca9e2ea90e9ae60ab1137426dfed7'}]",https://media1.popsugar-assets.com/files/thumbor/MaSi1WF5GwgqxPxnxBAJDxhFrGs/fit-in/1024x1024/filters:format_auto-!!-:strip_icc-!!-/2016/11/12/236/n/1922398/d65e24f2e448c4a9_GettyImages-622884442.jpg,Hollywood Mums and High-Profile Couples Step Out For the Annual Baby2Baby Gala
"[{'url': 'https://media1.popsugar-assets.com/files/thumbor/Vw6ZuTL3ByDTPj8_0sDOYV9vwwU/fit-in/1024x1024/filters:format_auto-!!-:strip_icc-!!-/2016/11/12/236/n/1922398/b6bbcbf6a4b57208_GettyImages-622931370.jpg', 'path': 'full/8d5a95cb6c271154a4b161fd179b2082d0044970.jpg', 'checksum': '1ec2d69d17d5d96e70f0031fca2552fc'}]",https://media1.popsugar-assets.com/files/thumbor/Vw6ZuTL3ByDTPj8_0sDOYV9vwwU/fit-in/1024x1024/filters:format_auto-!!-:strip_icc-!!-/2016/11/12/236/n/1922398/b6bbcbf6a4b57208_GettyImages-622931370.jpg,Hollywood Mums and High-Profile Couples Step Out For the Annual Baby2Baby Gala
"[{'url': 'https://media1.popsugar-assets.com/files/thumbor/ai4Tja2Jug5nQ2EsRvTpssO08FA/fit-in/1024x1024/filters:format_auto-!!-:strip_icc-!!-/2016/11/12/236/n/1922398/d00f8317a9078bbd_GettyImages-622930324.jpg', 'path': 'full/a0830353c52c251ed5a3034455eaee209440d866.jpg', 'checksum': '73ab0eb00ba51beee77b2f81309c25d6'}]",https://media1.popsugar-assets.com/files/thumbor/ai4Tja2Jug5nQ2EsRvTpssO08FA/fit-in/1024x1024/filters:format_auto-!!-:strip_icc-!!-/2016/11/12/236/n/1922398/d00f8317a9078bbd_GettyImages-622930324.jpg,Hollywood Mums and High-Profile Couples Step Out For the Annual Baby2Baby Gala
"[{'url': 'https://media1.popsugar-assets.com/files/thumbor/nr_VfpSK99zmkYQiZG8xhOj5GCg/fit-in/1024x1024/filters:format_auto-!!-:strip_icc-!!-/2016/11/12/237/n/1922398/5fa01734ac91cadc_GettyImages-622931424.jpg', 'path': 'full/f495054b99a731988103f06b36dd5cc7ff25b257.jpg', 'checksum': 'a696eb15dc195d4c59bc33d05eff7558'}]",https://media1.popsugar-assets.com/files/thumbor/nr_VfpSK99zmkYQiZG8xhOj5GCg/fit-in/1024x1024/filters:format_auto-!!-:strip_icc-!!-/2016/11/12/237/n/1922398/5fa01734ac91cadc_GettyImages-622931424.jpg,Hollywood Mums and High-Profile Couples Step Out For the Annual Baby2Baby Gala
"[{'url': 'https://media1.popsugar-assets.com/files/thumbor/VjbnjGl5vjZu-RhfFkR1yaqTWNs/fit-in/1024x1024/filters:format_auto-!!-:strip_icc-!!-/2016/11/02/207/n/1922398/868bf7b9d5dedcf9_GettyImages-620669656.jpg', 'path': 'full/17efc052ddfdfb91befe412b6aa1e52c0b48c703.jpg', 'checksum': '4f5cda76e6d1dd0c56009536a5cbc53e'}]",https://media1.popsugar-assets.com/files/thumbor/VjbnjGl5vjZu-RhfFkR1yaqTWNs/fit-in/1024x1024/filters:format_auto-!!-:strip_icc-!!-/2016/11/02/207/n/1922398/868bf7b9d5dedcf9_GettyImages-620669656.jpg,Jennifer Garner Lights Up Nashville With Her Warm Smile at the CMAs
"[{'url': 'https://media1.popsugar-assets.com/files/thumbor/2bdATqczuxPko3XYAMFmYoDdwqM/fit-in/1024x1024/filters:format_auto-!!-:strip_icc-!!-/2016/11/12/236/n/1922398/9824368e2e74dfdc_GettyImages-622884666.jpg', 'path': 'full/ff2df135d67491181c75b2e20367e1999304d1ee.jpg', 'checksum': 'a43ce52ad43e5c69dfd6c0531700734a'}]",https://media1.popsugar-assets.com/files/thumbor/2bdATqczuxPko3XYAMFmYoDdwqM/fit-in/1024x1024/filters:format_auto-!!-:strip_icc-!!-/2016/11/12/236/n/1922398/9824368e2e74dfdc_GettyImages-622884666.jpg,Hollywood Mums and High-Profile Couples Step Out For the Annual Baby2Baby Gala
"[{'url': 'https://media1.popsugar-assets.com/files/thumbor/c0Wxj3cGFjoyYZx5nlR-rpx3PdA/fit-in/1024x1024/filters:format_auto-!!-:strip_icc-!!-/2016/11/02/207/n/1922398/7c87f15f1b0c1859_GettyImages-620656168.jpg', 'path': 'full/f2fc4e662892c61eab88c4b5b2f96f672a802141.jpg', 'checksum': 'f86b96ea33d873951f918a986669dcc7'}]",https://media1.popsugar-assets.com/files/thumbor/c0Wxj3cGFjoyYZx5nlR-rpx3PdA/fit-in/1024x1024/filters:format_auto-!!-:strip_icc-!!-/2016/11/02/207/n/1922398/7c87f15f1b0c1859_GettyImages-620656168.jpg,Jennifer Garner Lights Up Nashville With Her Warm Smile at the CMAs
"[{'url': 'https://media1.popsugar-assets.com/files/thumbor/GARfEgdnIeIpGrRkTaDZmklzjTA/fit-in/1024x1024/filters:format_auto-!!-:strip_icc-!!-/2016/11/02/207/n/1922398/d22abe5ad8221bbc_GettyImages-620678194.jpg', 'path': 'full/9d7f0bb0ea965251e345988051b6f47e9ac5a9ea.jpg', 'checksum': 'e17106442277c911da4b8efbf33ddafd'}]",https://media1.popsugar-assets.com/files/thumbor/GARfEgdnIeIpGrRkTaDZmklzjTA/fit-in/1024x1024/filters:format_auto-!!-:strip_icc-!!-/2016/11/02/207/n/1922398/d22abe5ad8221bbc_GettyImages-620678194.jpg,Jennifer Garner Lights Up Nashville With Her Warm Smile at the CMAs
"[{'url': 'https://media1.popsugar-assets.com/files/thumbor/VryYzxTi-4zYHm1cSeKzzPZJLwo/fit-in/1024x1024/filters:format_auto-!!-:strip_icc-!!-/2016/11/02/207/n/1922398/36a03533a2f467b7_GettyImages-620669840.jpg', 'path': 'full/01560ca8e37f8794907c4de500a5e81e10630f47.jpg', 'checksum': 'e09a32357264759c33bd94080ef01139'}]",https://media1.popsugar-assets.com/files/thumbor/VryYzxTi-4zYHm1cSeKzzPZJLwo/fit-in/1024x1024/filters:format_auto-!!-:strip_icc-!!-/2016/11/02/207/n/1922398/36a03533a2f467b7_GettyImages-620669840.jpg,Jennifer Garner Lights Up Nashville With Her Warm Smile at the CMAs
"[{'url': 'https://media1.popsugar-assets.com/files/thumbor/StEv4iONL1nppxUR-LPYYp1RyfY/fit-in/1024x1024/filters:format_auto-!!-:strip_icc-!!-/2016/11/02/207/n/1922398/d02f25e9ca4b1da1_GettyImages-620670804.jpg', 'path': 'full/6c018a790dd38842be8d2c9985bd28a85a5eec08.jpg', 'checksum': '00e89ca4897ae47b76010c801ac1c674'}]",https://media1.popsugar-assets.com/files/thumbor/StEv4iONL1nppxUR-LPYYp1RyfY/fit-in/1024x1024/filters:format_auto-!!-:strip_icc-!!-/2016/11/02/207/n/1922398/d02f25e9ca4b1da1_GettyImages-620670804.jpg,Jennifer Garner Lights Up Nashville With Her Warm Smile at the CMAs
"[{'url': 'https://media1.popsugar-assets.com/files/thumbor/Bo4nE6H8v6c_AcORt_XU9TFuY_s/fit-in/1024x1024/filters:format_auto-!!-:strip_icc-!!-/2016/11/02/207/n/1922398/2186da3c81b39539_GettyImages-620669300.jpg', 'path': 'full/70400b64e6f20a836e1ad5b8a443a727b4c1c055.jpg', 'checksum': '559dd62705b1f43ad40a0365a789b871'}]",https://media1.popsugar-assets.com/files/thumbor/Bo4nE6H8v6c_AcORt_XU9TFuY_s/fit-in/1024x1024/filters:format_auto-!!-:strip_icc-!!-/2016/11/02/207/n/1922398/2186da3c81b39539_GettyImages-620669300.jpg,Jennifer Garner Lights Up Nashville With Her Warm Smile at the CMAs
"[{'url': 'https://media1.popsugar-assets.com/files/thumbor/eU707Igpk9DFA9kSgq7HknahCBE/fit-in/1024x1024/filters:format_auto-!!-:strip_icc-!!-/2016/11/02/058/n/1922398/4c6c4f0eaa6621dc_GettyImages-620655430.jpg', 'path': 'full/e96febe07b98da2b55bba3257c54f27891d9b3f9.jpg', 'checksum': 'c4e3ed39c0c3ad6e823892619d71f552'}]",https://media1.popsugar-assets.com/files/thumbor/eU707Igpk9DFA9kSgq7HknahCBE/fit-in/1024x1024/filters:format_auto-!!-:strip_icc-!!-/2016/11/02/058/n/1922398/4c6c4f0eaa6621dc_GettyImages-620655430.jpg,Jennifer Garner Lights Up Nashville With Her Warm Smile at the CMAs
"[{'url': 'https://media1.popsugar-assets.com/files/thumbor/_wjXmcT4UBV47-TfcAahTZg4hxY/fit-in/1024x1024/filters:format_auto-!!-:strip_icc-!!-/2016/11/02/058/n/1922398/bf3d867086300128_GettyImages-620656154.jpg', 'path': 'full/44a9d410db619b9baec016494320edeeabec56f9.jpg', 'checksum': '32cceb757c98e951722f8601b64cb553'}]",https://media1.popsugar-assets.com/files/thumbor/_wjXmcT4UBV47-TfcAahTZg4hxY/fit-in/1024x1024/filters:format_auto-!!-:strip_icc-!!-/2016/11/02/058/n/1922398/bf3d867086300128_GettyImages-620656154.jpg,Jennifer Garner Lights Up Nashville With Her Warm Smile at the CMAs
"[{'url': 'https://media1.popsugar-assets.com/files/thumbor/5V0k7km7cf0mlBaQDIEzbE--yJg/fit-in/1024x1024/filters:format_auto-!!-:strip_icc-!!-/2016/11/02/058/n/1922398/6260d300adbe7705_GettyImages-620656050.jpg', 'path': 'full/cae6fb097c34b36f4c186adbd022613b64dd7b0c.jpg', 'checksum': '9f40613a97f44fdc4f07f4f307489904'}]",https://media1.popsugar-assets.com/files/thumbor/5V0k7km7cf0mlBaQDIEzbE--yJg/fit-in/1024x1024/filters:format_auto-!!-:strip_icc-!!-/2016/11/02/058/n/1922398/6260d300adbe7705_GettyImages-620656050.jpg,Jennifer Garner Lights Up Nashville With Her Warm Smile at the CMAs
"[{'url': 'https://media1.popsugar-assets.com/files/thumbor/ZUcddskogLdSzw0p8zuftVV_-Os/fit-in/1024x1024/filters:format_auto-!!-:strip_icc-!!-/2016/11/02/058/n/1922398/47e48f8407a67720_GettyImages-620654304.jpg', 'path': 'full/6daf5745ac5f9ba869f56d225695415e01cc311c.jpg', 'checksum': '7125a2f96197a7ac3289e2de3e575ee5'}]",https://media1.popsugar-assets.com/files/thumbor/ZUcddskogLdSzw0p8zuftVV_-Os/fit-in/1024x1024/filters:format_auto-!!-:strip_icc-!!-/2016/11/02/058/n/1922398/47e48f8407a67720_GettyImages-620654304.jpg,Jennifer Garner Lights Up Nashville With Her Warm Smile at the CMAs
"[{'url': 'https://media1.popsugar-assets.com/files/thumbor/xRIjvMGfo5TYeDS0wfxd0xRjb2E/fit-in/1024x1024/filters:format_auto-!!-:strip_icc-!!-/2016/11/02/058/n/1922398/d1b445964fb5927f_GettyImages-620655428.jpg', 'path': 'full/265131c701cf557c4e615bde238e93fca15268bb.jpg', 'checksum': '3c04c78ef2643ab0ce44f8fb85282eb0'}]",https://media1.popsugar-assets.com/files/thumbor/xRIjvMGfo5TYeDS0wfxd0xRjb2E/fit-in/1024x1024/filters:format_auto-!!-:strip_icc-!!-/2016/11/02/058/n/1922398/d1b445964fb5927f_GettyImages-620655428.jpg,Jennifer Garner Lights Up Nashville With Her Warm Smile at the CMAs
"[{'url': 'https://media1.popsugar-assets.com/files/thumbor/5m1h41qcTCusXpDNewYAeB98cek/fit-in/1024x1024/filters:format_auto-!!-:strip_icc-!!-/2016/11/02/058/n/1922398/b96a009c0a093968_GettyImages-620655688.jpg', 'path': 'full/00ea4925be00febe7386977dc03396cd460c0e1e.jpg', 'checksum': '52828ec3e3aa4586199805881416257d'}]",https://media1.popsugar-assets.com/files/thumbor/5m1h41qcTCusXpDNewYAeB98cek/fit-in/1024x1024/filters:format_auto-!!-:strip_icc-!!-/2016/11/02/058/n/1922398/b96a009c0a093968_GettyImages-620655688.jpg,Jennifer Garner Lights Up Nashville With Her Warm Smile at the CMAs
"[{'url': 'https://media1.popsugar-assets.com/files/thumbor/FVjaosGA8vN-tcxt7msjHfBRSu0/fit-in/1024x1024/filters:format_auto-!!-:strip_icc-!!-/2016/11/02/058/n/1922398/fa927f3020fff6f0_GettyImages-620655226.jpg', 'path': 'full/52e46663dbeb648beb107d05dbf7454977be135c.jpg', 'checksum': '85caa4c8464efade055a2dd1f5470c84'}]",https://media1.popsugar-assets.com/files/thumbor/FVjaosGA8vN-tcxt7msjHfBRSu0/fit-in/1024x1024/filters:format_auto-!!-:strip_icc-!!-/2016/11/02/058/n/1922398/fa927f3020fff6f0_GettyImages-620655226.jpg,Jennifer Garner Lights Up Nashville With Her Warm Smile at the CMAs
"[{'url': 'https://media1.popsugar-assets.com/files/thumbor/qI0GwQVrSuSIka363KhSkDEqHtc/fit-in/1024x1024/filters:format_auto-!!-:strip_icc-!!-/2016/11/02/058/n/1922398/f15c4efdc03d7fc1_GettyImages-620656988.jpg', 'path': 'full/e464995e80e9dc09afc5dddc0efd78dd66c3da2a.jpg', 'checksum': 'a7fe28334f213a2a7741461bb71fc0c7'}]",https://media1.popsugar-assets.com/files/thumbor/qI0GwQVrSuSIka363KhSkDEqHtc/fit-in/1024x1024/filters:format_auto-!!-:strip_icc-!!-/2016/11/02/058/n/1922398/f15c4efdc03d7fc1_GettyImages-620656988.jpg,Jennifer Garner Lights Up Nashville With Her Warm Smile at the CMAs
"[{'url': 'https://media1.popsugar-assets.com/files/thumbor/wInCRPPMM3AdjGsXWoWvSUNWmpo/fit-in/1024x1024/filters:format_auto-!!-:strip_icc-!!-/2016/10/20/855/n/1922398/33da2f2e4e36fab0_GettyImages-615864606_master.jpg', 'path': 'full/7e2c6d3a6980d0271d34967af69b686bccb9e0bf.jpg', 'checksum': 'fa1b4a50eecea604d85c3d9928ea1ffa'}]",https://media1.popsugar-assets.com/files/thumbor/wInCRPPMM3AdjGsXWoWvSUNWmpo/fit-in/1024x1024/filters:format_auto-!!-:strip_icc-!!-/2016/10/20/855/n/1922398/33da2f2e4e36fab0_GettyImages-615864606_master.jpg,Jennifer Garner Manages to Look Amazing While Schlepping Her Daughter's School Project
"[{'url': 'https://media1.popsugar-assets.com/files/thumbor/Nudlb9egq_Obrr7NirCVOF_eWYI/fit-in/1024x1024/filters:format_auto-!!-:strip_icc-!!-/2016/10/20/855/n/1922398/d572884f47a6fda6_GettyImages-615864414_master.jpg', 'path': 'full/a6785e4bf3dfc5e7d58db4170f2e6b5a29da0d33.jpg', 'checksum': '399b7205260b97492ccc5de1d9869bc4'}]",https://media1.popsugar-assets.com/files/thumbor/Nudlb9egq_Obrr7NirCVOF_eWYI/fit-in/1024x1024/filters:format_auto-!!-:strip_icc-!!-/2016/10/20/855/n/1922398/d572884f47a6fda6_GettyImages-615864414_master.jpg,Jennifer Garner Manages to Look Amazing While Schlepping Her Daughter's School Project
"[{'url': 'https://media1.popsugar-assets.com/files/thumbor/SJy4CeZJmza_qY4LScrYB4XZ9rQ/fit-in/1024x1024/filters:format_auto-!!-:strip_icc-!!-/2016/10/20/855/n/1922398/8b46d4b564577cb1_GettyImages-615862166_master.jpg', 'path': 'full/b185dc9514635e9ff15741cfa9aba9bbf507fe31.jpg', 'checksum': 'ffc80f850efca169d2dcdb03d08634e9'}]",https://media1.popsugar-assets.com/files/thumbor/SJy4CeZJmza_qY4LScrYB4XZ9rQ/fit-in/1024x1024/filters:format_auto-!!-:strip_icc-!!-/2016/10/20/855/n/1922398/8b46d4b564577cb1_GettyImages-615862166_master.jpg,Jennifer Garner Manages to Look Amazing While Schlepping Her Daughter's School Project
"[{'url': 'https://media1.popsugar-assets.com/files/thumbor/ROGPhlPVcKaeAfO69mFMCq1k7dA/fit-in/1024x1024/filters:format_auto-!!-:strip_icc-!!-/2016/10/20/855/n/1922398/23f7f8557014c453_GettyImages-615862080_master.jpg', 'path': 'full/0b8e7bc4b794290b774d36eed85996d3f82d949e.jpg', 'checksum': '3caccb77789e8551c5493350261431fe'}]",https://media1.popsugar-assets.com/files/thumbor/ROGPhlPVcKaeAfO69mFMCq1k7dA/fit-in/1024x1024/filters:format_auto-!!-:strip_icc-!!-/2016/10/20/855/n/1922398/23f7f8557014c453_GettyImages-615862080_master.jpg,Jennifer Garner Manages to Look Amazing While Schlepping Her Daughter's School Project
"[{'url': 'https://media1.popsugar-assets.com/files/thumbor/6NRQMDYUeSbEQ_ywl7ojdBEQ9w0/fit-in/1024x1024/filters:format_auto-!!-:strip_icc-!!-/2016/10/20/855/n/1922398/2803dc80bc7506b0_GettyImages-615862050_master.jpg', 'path': 'full/a75fd973c4c6b6b471eba370d1eefd61d1887e70.jpg', 'checksum': 'ed0fd55afc68c47117fc3bdd1dad11ac'}]",https://media1.popsugar-assets.com/files/thumbor/6NRQMDYUeSbEQ_ywl7ojdBEQ9w0/fit-in/1024x1024/filters:format_auto-!!-:strip_icc-!!-/2016/10/20/855/n/1922398/2803dc80bc7506b0_GettyImages-615862050_master.jpg,Jennifer Garner Manages to Look Amazing While Schlepping Her Daughter's School Project
"[{'url': 'https://media1.popsugar-assets.com/files/thumbor/65wjTs9J5hNxFBFxRohVof9_YbM/fit-in/1024x1024/filters:format_auto-!!-:strip_icc-!!-/2016/10/16/957/n/1922398/f620be9a82293f75_GettyImages-615041794.jpg', 'path': 'full/422d821fa148e4d9b564e33f4f6d13e8136bc3e8.jpg', 'checksum': 'f4dd9233cd70b3468dea94763d739b10'}]",https://media1.popsugar-assets.com/files/thumbor/65wjTs9J5hNxFBFxRohVof9_YbM/fit-in/1024x1024/filters:format_auto-!!-:strip_icc-!!-/2016/10/16/957/n/1922398/f620be9a82293f75_GettyImages-615041794.jpg,Jennifer Garner and Reese Witherspoon Gather With Famous Friends to Support a Good Cause
"[{'url': 'https://media1.popsugar-assets.com/files/thumbor/tenn9mWMoLAh9gYhXrHWsUDjPkM/fit-in/1024x1024/filters:format_auto-!!-:strip_icc-!!-/2016/10/20/855/n/1922398/11924431f7133d62_GettyImages-615864498_master.jpg', 'path': 'full/bf75cf97405334be475a7af899fcc41b0d6e4a40.jpg', 'checksum': 'ff5b4291ed8358eb027dcd8fb7782b41'}]",https://media1.popsugar-assets.com/files/thumbor/tenn9mWMoLAh9gYhXrHWsUDjPkM/fit-in/1024x1024/filters:format_auto-!!-:strip_icc-!!-/2016/10/20/855/n/1922398/11924431f7133d62_GettyImages-615864498_master.jpg,Jennifer Garner Manages to Look Amazing While Schlepping Her Daughter's School Project
"[{'url': 'https://media1.popsugar-assets.com/files/thumbor/yygOqM1VBK_0GGRxdiieOz4RCVg/fit-in/1024x1024/filters:format_auto-!!-:strip_icc-!!-/2016/10/16/957/n/1922398/02aad89d5b06c2d8_GettyImages-615045648.jpg', 'path': 'full/adce970fadaf3ca0d9d6384fa634e3c2b1f40df9.jpg', 'checksum': 'ff0230de1e1f472b7f6001f86a443347'}]",https://media1.popsugar-assets.com/files/thumbor/yygOqM1VBK_0GGRxdiieOz4RCVg/fit-in/1024x1024/filters:format_auto-!!-:strip_icc-!!-/2016/10/16/957/n/1922398/02aad89d5b06c2d8_GettyImages-615045648.jpg,Jennifer Garner and Reese Witherspoon Gather With Famous Friends to Support a Good Cause
"[{'url': 'https://media1.popsugar-assets.com/files/thumbor/27GPvtb6sEkECMrgpK0KPfRxSEE/fit-in/1024x1024/filters:format_auto-!!-:strip_icc-!!-/2016/10/16/958/n/1922398/ef73bfe64b440a43_GettyImages-615049182.jpg', 'path': 'full/3d07d064c83cc9f35ccefffec4616cef31c5844b.jpg', 'checksum': '4807e87ba33c9df9cbae30d6cb48b53f'}]",https://media1.popsugar-assets.com/files/thumbor/27GPvtb6sEkECMrgpK0KPfRxSEE/fit-in/1024x1024/filters:format_auto-!!-:strip_icc-!!-/2016/10/16/958/n/1922398/ef73bfe64b440a43_GettyImages-615049182.jpg,Jennifer Garner and Reese Witherspoon Gather With Famous Friends to Support a Good Cause
"[{'url': 'https://media1.popsugar-assets.com/files/thumbor/9g3jOCkDl77kW9dogy9gyAJoYew/fit-in/1024x1024/filters:format_auto-!!-:strip_icc-!!-/2016/10/16/957/n/1922398/ec6450182006ab85_GettyImages-615041882.jpg', 'path': 'full/b701daa541fb45ffff283c4998ac4bbd61708f97.jpg', 'checksum': '8bf51c7bd90fb5aba3e6a85b297f95e3'}]",https://media1.popsugar-assets.com/files/thumbor/9g3jOCkDl77kW9dogy9gyAJoYew/fit-in/1024x1024/filters:format_auto-!!-:strip_icc-!!-/2016/10/16/957/n/1922398/ec6450182006ab85_GettyImages-615041882.jpg,Jennifer Garner and Reese Witherspoon Gather With Famous Friends to Support a Good Cause
"[{'url': 'https://media1.popsugar-assets.com/files/thumbor/TNjregj1v1llB-V-mRh1UANYX3s/fit-in/1024x1024/filters:format_auto-!!-:strip_icc-!!-/2016/10/16/959/n/1922398/f2419a0f9789825d_GettyImages-615049244.jpg', 'path': 'full/f49861f1c2a0bf71a9c29788f53eb20de1c8a6b4.jpg', 'checksum': '0bd9e56450cf3a094664dc0b55ed2d90'}]",https://media1.popsugar-assets.com/files/thumbor/TNjregj1v1llB-V-mRh1UANYX3s/fit-in/1024x1024/filters:format_auto-!!-:strip_icc-!!-/2016/10/16/959/n/1922398/f2419a0f9789825d_GettyImages-615049244.jpg,Jennifer Garner and Reese Witherspoon Gather With Famous Friends to Support a Good Cause
"[{'url': 'https://media1.popsugar-assets.com/files/thumbor/Qcp5uq2ueUTK5ovvKcQYHaqdPSc/fit-in/1024x1024/filters:format_auto-!!-:strip_icc-!!-/2016/10/16/957/n/1922398/43dec06f66a930ed_GettyImages-615045744.jpg', 'path': 'full/7c65c30d5ddad2f208a8fa74c33d03c705eab43c.jpg', 'checksum': 'c1a59bc995c7325a7a9455eaacb2d15c'}]",https://media1.popsugar-assets.com/files/thumbor/Qcp5uq2ueUTK5ovvKcQYHaqdPSc/fit-in/1024x1024/filters:format_auto-!!-:strip_icc-!!-/2016/10/16/957/n/1922398/43dec06f66a930ed_GettyImages-615045744.jpg,Jennifer Garner and Reese Witherspoon Gather With Famous Friends to Support a Good Cause
"[{'url': 'https://media1.popsugar-assets.com/files/thumbor/rUeNa_UvIpW85aI6sphk-nSh6t4/fit-in/1024x1024/filters:format_auto-!!-:strip_icc-!!-/2016/10/16/958/n/1922398/83b20fa5d2befba5_GettyImages-615049238.jpg', 'path': 'full/68452f66090b224fd39513f52f04849e42fed72f.jpg', 'checksum': '58a7b5f7366ae8fa4a0f7bb03e6541b5'}]",https://media1.popsugar-assets.com/files/thumbor/rUeNa_UvIpW85aI6sphk-nSh6t4/fit-in/1024x1024/filters:format_auto-!!-:strip_icc-!!-/2016/10/16/958/n/1922398/83b20fa5d2befba5_GettyImages-615049238.jpg,Jennifer Garner and Reese Witherspoon Gather With Famous Friends to Support a Good Cause
"[{'url': 'https://media1.popsugar-assets.com/files/thumbor/_I25Aj7t5jqbXWwYuWVdGXUilp4/fit-in/1024x1024/filters:format_auto-!!-:strip_icc-!!-/2016/10/16/958/n/1922398/b4dcb949a002817d_GettyImages-615049228.jpg', 'path': 'full/3bf8e061603269ec334911f16b79b39963bb1180.jpg', 'checksum': '5400e023645db81a78780e8569c04458'}]",https://media1.popsugar-assets.com/files/thumbor/_I25Aj7t5jqbXWwYuWVdGXUilp4/fit-in/1024x1024/filters:format_auto-!!-:strip_icc-!!-/2016/10/16/958/n/1922398/b4dcb949a002817d_GettyImages-615049228.jpg,Jennifer Garner and Reese Witherspoon Gather With Famous Friends to Support a Good Cause
"[{'url': 'https://media1.popsugar-assets.com/files/thumbor/kN4L0BDCAJgLs7qw4CwdQcZvyr0/fit-in/1024x1024/filters:format_auto-!!-:strip_icc-!!-/2016/10/16/958/n/1922398/e8b79be9f846d14f_GettyImages-615045560.jpg', 'path': 'full/32eea975683acb98f4b688b4cf93a0f70b55d906.jpg', 'checksum': 'a89089ed5ce4f710e1b525297739292b'}]",https://media1.popsugar-assets.com/files/thumbor/kN4L0BDCAJgLs7qw4CwdQcZvyr0/fit-in/1024x1024/filters:format_auto-!!-:strip_icc-!!-/2016/10/16/958/n/1922398/e8b79be9f846d14f_GettyImages-615045560.jpg,Jennifer Garner and Reese Witherspoon Gather With Famous Friends to Support a Good Cause
"[{'url': 'https://media1.popsugar-assets.com/files/thumbor/bV65AtXghEi1EDVhZV30FmIjlb8/fit-in/1024x1024/filters:format_auto-!!-:strip_icc-!!-/2016/10/16/958/n/1922398/5b32a433baaf12fb_GettyImages-615045756.jpg', 'path': 'full/f8da8bc2de61ff5de1b19562c8b0f2f7b4185d4e.jpg', 'checksum': '44190884292cb50e254e876090961f5c'}]",https://media1.popsugar-assets.com/files/thumbor/bV65AtXghEi1EDVhZV30FmIjlb8/fit-in/1024x1024/filters:format_auto-!!-:strip_icc-!!-/2016/10/16/958/n/1922398/5b32a433baaf12fb_GettyImages-615045756.jpg,Jennifer Garner and Reese Witherspoon Gather With Famous Friends to Support a Good Cause
"[{'url': 'https://media1.popsugar-assets.com/files/thumbor/pUGUGFccpxtuOCxXQ9ke-kxbsjk/fit-in/1024x1024/filters:format_auto-!!-:strip_icc-!!-/2018/03/07/264/n/44344577/addurlp897kc.jpg', 'path': 'full/b8624f3ba5f7d6f14d2db7c740b5f6b821cffb39.jpg', 'checksum': 'ca3507ac7a4f8a580e91b0fa27f436b2'}]",https://media1.popsugar-assets.com/files/thumbor/pUGUGFccpxtuOCxXQ9ke-kxbsjk/fit-in/1024x1024/filters:format_auto-!!-:strip_icc-!!-/2018/03/07/264/n/44344577/addurlp897kc.jpg,Jennifer Garner and Reese Witherspoon Gather With Famous Friends to Support a Good Cause
"[{'url': 'https://media1.popsugar-assets.com/files/thumbor/3vm71P-Cb5u0b0gft_OMuz3MOko/fit-in/1024x1024/filters:format_auto-!!-:strip_icc-!!-/2016/10/14/636/n/1922398/1abde1bb746e4894_GettyImages-614465704.jpg', 'path': 'full/68c3ab7eb40b48a7fbe88a805790332bac65c1af.jpg', 'checksum': 'f571b4b487da624d117920d3e3bf4e3f'}]",https://media1.popsugar-assets.com/files/thumbor/3vm71P-Cb5u0b0gft_OMuz3MOko/fit-in/1024x1024/filters:format_auto-!!-:strip_icc-!!-/2016/10/14/636/n/1922398/1abde1bb746e4894_GettyImages-614465704.jpg,"Jennifer Garner, Reese Witherspoon, and Halle Berry Outshine the Diamonds at a Tiffany's Event"
"[{'url': 'https://media1.popsugar-assets.com/files/thumbor/rh9tOgkh-9ZlkqwPdGrvFX0QcJ0/fit-in/1024x1024/filters:format_auto-!!-:strip_icc-!!-/2016/10/14/633/n/1922398/0ddb7b28001f011f_GettyImages-614486292.jpg', 'path': 'full/e358f402724edabba3bfb051e4c6f5bffdf5afa8.jpg', 'checksum': 'b8d2111a9339fc2a6ca762a76ec7dcab'}]",https://media1.popsugar-assets.com/files/thumbor/rh9tOgkh-9ZlkqwPdGrvFX0QcJ0/fit-in/1024x1024/filters:format_auto-!!-:strip_icc-!!-/2016/10/14/633/n/1922398/0ddb7b28001f011f_GettyImages-614486292.jpg,"Jennifer Garner, Reese Witherspoon, and Halle Berry Outshine the Diamonds at a Tiffany's Event"
"[{'url': 'https://media1.popsugar-assets.com/files/thumbor/RNN9udF3hdjETFPROZjNGLkknfU/fit-in/1024x1024/filters:format_auto-!!-:strip_icc-!!-/2016/10/14/633/n/1922398/3f7713b1d6b9bc6c_GettyImages-614486042.jpg', 'path': 'full/7b0909f77dbd347f774f192bd0f708f93f14dc80.jpg', 'checksum': '3078044fa831618e3f4c72a8c17f2d79'}]",https://media1.popsugar-assets.com/files/thumbor/RNN9udF3hdjETFPROZjNGLkknfU/fit-in/1024x1024/filters:format_auto-!!-:strip_icc-!!-/2016/10/14/633/n/1922398/3f7713b1d6b9bc6c_GettyImages-614486042.jpg,"Jennifer Garner, Reese Witherspoon, and Halle Berry Outshine the Diamonds at a Tiffany's Event"
